,UG,SIGLA,CGCFEX,RM,COMANDO,CIDADE,UF,PROGRAMA,AÇÃO,NOME_ACAO,UGR,NOME_UGR,PTRES,PI,RADICAL_4_PI,MEIO_3_PI,SUFIXO_4_PI,NOME_PI,ND,NOME_ND,NDSI,NOME_NDSI,NE,ANO,DATA,CHAVE,FAV,NOME_CREDOR,UF_FAV,TIPO,DIAS,UF_UG,FONTE,MOD_LIC,TIPO_NE,RP,NOME_RP,TIPO_CREDITO,NOME_TIPO_CREDITO,PO,AUTOR_EMENDA,NOME_AUTOR_EMENDA,LOCAL,NOME_UO,UO,A_LIQUIDAR,LIQUIDADO_A_PAGAR,TOTAL_A_PAGAR,PAGO
154,160129,ESA,4º CGCFEx,4ª RM,CML,Três Corações,MG,0032,2000,ADMINISTRACAO DA UNIDADE,160073,DGO,171460,I3FPPREDEGE,I3FP,PRE,DEGE,DESPESAS GERAIS DAS UGE - GESTÃO EME.,339033,PASSAGENS E DESPESAS COM LOCOMOCAO,33903309,TRANSPORTE DE SERVIDORES,2024NE000342,2024,2024-04-04,160129000012024NE000342,92221589000176,IRMAOS KOPERECK LTDA,RS,ANO,235,MG,1000000000,PREGAO,GLOBAL,2,PRIMARIO DISCRICIONARIO,A,INICIAL (LOA),0004,000000000000,SEM EMENDA,"ESCOLA DE SARGENTOS DAS ARMAS - AV. SETE DE SETEMBRO, 628 - CENTRO, TRÊS CORAÇÕES - MG, 37410-155",COMANDO DO EXERCITO,52121,0.0,0.0,0.0,24225.0
182,160129,ESA,4º CGCFEx,4ª RM,CML,Três Corações,MG,0032,2000,ADMINISTRACAO DA UNIDADE,160505,DGP,171404,D5ATIVSAREX,D5AT,IVS,AREX,CRÉDITO PARA CUTEAR ATIVIDADES DO SAREX,339033,PASSAGENS E DESPESAS COM LOCOMOCAO,33903301,PASSAGENS PARA O PAIS,2024NE000339,2024,2024-04-03,160129000012024NE000339,21331404000138,ORLEANS VIAGENS E TURISMO LTDA,SP,ANO,236,MG,1000000000,PREGAO,GLOBAL,2,PRIMARIO DISCRICIONARIO,A,INICIAL (LOA),000A,000000000000,SEM EMENDA,ESA,COMANDO DO EXERCITO,52121,0.0,0.0,0.0,1181.66
183,160129,ESA,4º CGCFEx,4ª RM,CML,Três Corações,MG,0032,2000,ADMINISTRACAO DA UNIDADE,160505,DGP,171404,DF5SCHEADID,DF5S,CHE,ADID,ESTAGIO DE PREP P MISSAO DE ADIDOS E AUX,339033,PASSAGENS E DESPESAS COM LOCOMOCAO,33903301,PASSAGENS PARA O PAIS,2024NE000391,2024,2024-04-17,160129000012024NE000391,21331404000138,ORLEANS VIAGENS E TURISMO LTDA,SP,ANO,222,MG,1000000000,PREGAO,GLOBAL,2,PRIMARIO DISCRICIONARIO,A,INICIAL (LOA),000A,000000000000,SEM EMENDA,ESA,COMANDO DO EXERCITO,52121,0.0,0.0,0.0,320.45
184,160129,ESA,4º CGCFEx,4ª RM,CML,Três Corações,MG,0032,2000,ADMINISTRACAO DA UNIDADE,160505,DGP,171404,DF5SCHEADID,DF5S,CHE,ADID,ESTAGIO DE PREP P MISSAO DE ADIDOS E AUX,339033,PASSAGENS E DESPESAS COM LOCOMOCAO,33903301,PASSAGENS PARA O PAIS,2024NE000392,2024,2024-04-17,160129000012024NE000392,21331404000138,ORLEANS VIAGENS E TURISMO LTDA,SP,ANO,222,MG,1000000000,PREGAO,GLOBAL,2,PRIMARIO DISCRICIONARIO,A,INICIAL (LOA),000A,000000000000,SEM EMENDA,ESA,COMANDO DO EXERCITO,52121,0.0,0.0,0.0,320.45
185,160129,ESA,4º CGCFEx,4ª RM,CML,Três Corações,MG,0032,2000,ADMINISTRACAO DA UNIDADE,160505,DGP,171404,DF5SCHEADID,DF5S,CHE,ADID,ESTAGIO DE PREP P MISSAO DE ADIDOS E AUX,339033,PASSAGENS E DESPESAS COM LOCOMOCAO,33903301,PASSAGENS PARA O PAIS,2024NE000806,2024,2024-07-02,160129000012024NE000806,14807420000199,FACTO TURISMO  LTDA,SP,ANO,146,MG,1000000000,PREGAO,GLOBAL,2,PRIMARIO DISCRICIONARIO,A,INICIAL (LOA),000A,000000000000,SEM EMENDA,ESA,COMANDO DO EXERCITO,52121,0.0,0.0,0.0,1648.08
186,160129,ESA,4º CGCFEx,4ª RM,CML,Três Corações,MG,0032,2000,ADMINISTRACAO DA UNIDADE,160505,DGP,171404,DF5SCHEADID,DF5S,CHE,ADID,ESTAGIO DE PREP P MISSAO DE ADIDOS E AUX,339033,PASSAGENS E DESPESAS COM LOCOMOCAO,33903301,PASSAGENS PARA O PAIS,2024NE000807,2024,2024-07-02,160129000012024NE000807,14807420000199,FACTO TURISMO  LTDA,SP,ANO,146,MG,1000000000,PREGAO,GLOBAL,2,PRIMARIO DISCRICIONARIO,A,INICIAL (LOA),000A,000000000000,SEM EMENDA,ESA,COMANDO DO EXERCITO,52121,0.0,0.0,0.0,1648.08
187,160129,ESA,4º CGCFEx,4ª RM,CML,Três Corações,MG,0032,2000,ADMINISTRACAO DA UNIDADE,160505,DGP,171404,DF5SCHPVANA,DF5S,CHP,VANA,PVANA,339033,PASSAGENS E DESPESAS COM LOCOMOCAO,33903302,PASSAGENS PARA O EXTERIOR,2024NE000854,2024,2024-07-17,160129000012024NE000854,14807420000199,FACTO TURISMO  LTDA,SP,ANO,131,MG,1000000000,PREGAO,GLOBAL,2,PRIMARIO DISCRICIONARIO,A,INICIAL (LOA),000A,000000000000,SEM EMENDA,ESA,COMANDO DO EXERCITO,52121,0.0,672.22,672.22,20070.98
188,160129,ESA,4º CGCFEx,4ª RM,CML,Três Corações,MG,0032,2000,ADMINISTRACAO DA UNIDADE,160505,DGP,171404,DF5SCHPVANA,DF5S,CHP,VANA,PVANA,339033,PASSAGENS E DESPESAS COM LOCOMOCAO,33903302,PASSAGENS PARA O EXTERIOR,2024NE000882,2024,2024-07-29,160129000012024NE000882,14807420000199,FACTO TURISMO  LTDA,SP,ANO,119,MG,1000000000,PREGAO,GLOBAL,2,PRIMARIO DISCRICIONARIO,A,INICIAL (LOA),000A,000000000000,SEM EMENDA,ESA,COMANDO DO EXERCITO,52121,0.0,0.0,0.0,80076.72
189,160129,ESA,4º CGCFEx,4ª RM,CML,Três Corações,MG,0032,2000,ADMINISTRACAO DA UNIDADE,160505,DGP,171404,DF5SCHPVANA,DF5S,CHP,VANA,PVANA,339033,PASSAGENS E DESPESAS COM LOCOMOCAO,33903302,PASSAGENS PARA O EXTERIOR,2024NE001205,2024,2024-10-09,160129000012024NE001205,14807420000199,FACTO TURISMO  LTDA,SP,ANO,47,MG,1000000000,PREGAO,GLOBAL,2,PRIMARIO DISCRICIONARIO,A,INICIAL (LOA),000A,000000000000,SEM EMENDA,ESCOLA DE SARGENTOS DAS ARMAS,COMANDO DO EXERCITO,52121,535.18,11.77,546.95,23453.05
190,160129,ESA,4º CGCFEx,4ª RM,CML,Três Corações,MG,0032,2000,ADMINISTRACAO DA UNIDADE,160505,DGP,171404,DF5SCHPVANA,DF5S,CHP,VANA,PVANA,339033,PASSAGENS E DESPESAS COM LOCOMOCAO,33903302,PASSAGENS PARA O EXTERIOR,2024NE001257,2024,2024-10-24,160129000012024NE001257,14807420000199,FACTO TURISMO  LTDA,SP,ANO,32,MG,1000000000,PREGAO,GLOBAL,2,PRIMARIO DISCRICIONARIO,A,INICIAL (LOA),000A,000000000000,SEM EMENDA,ESA,COMANDO DO EXERCITO,52121,0.0,11.77,11.77,9458.45
195,160129,ESA,4º CGCFEx,4ª RM,CML,Três Corações,MG,0032,2000,ADMINISTRACAO DA UNIDADE,160505,DGP,171404,GPDPDSVPAME,GPDP,DSV,PAME,DSLC A SV PREP ADM MIS EXT,339033,PASSAGENS E DESPESAS COM LOCOMOCAO,33903301,PASSAGENS PARA O PAIS,2024NE001013,2024,2024-09-06,160129000012024NE001013,21331404000138,ORLEANS VIAGENS E TURISMO LTDA,SP,ANO,80,MG,1000000000,PREGAO,GLOBAL,2,PRIMARIO DISCRICIONARIO,A,INICIAL (LOA),000A,000000000000,SEM EMENDA,ESA,COMANDO DO EXERCITO,52121,0.0,0.0,0.0,279.27
196,160129,ESA,4º CGCFEx,4ª RM,CML,Três Corações,MG,0032,2000,ADMINISTRACAO DA UNIDADE,160505,DGP,171404,GPDPDSVPAME,GPDP,DSV,PAME,DSLC A SV PREP ADM MIS EXT,339033,PASSAGENS E DESPESAS COM LOCOMOCAO,33903301,PASSAGENS PARA O PAIS,2024NE001018,2024,2024-09-06,160129000012024NE001018,21331404000138,ORLEANS VIAGENS E TURISMO LTDA,SP,ANO,80,MG,1000000000,PREGAO,GLOBAL,2,PRIMARIO DISCRICIONARIO,A,INICIAL (LOA),000A,000000000000,SEM EMENDA,ESA,COMANDO DO EXERCITO,52121,0.0,0.0,0.0,545.92
197,160129,ESA,4º CGCFEx,4ª RM,CML,Três Corações,MG,0032,2000,ADMINISTRACAO DA UNIDADE,160505,DGP,171404,GPDPDSVPAME,GPDP,DSV,PAME,DSLC A SV PREP ADM MIS EXT,339033,PASSAGENS E DESPESAS COM LOCOMOCAO,33903301,PASSAGENS PARA O PAIS,2024NE001038,2024,2024-09-13,160129000012024NE001038,14807420000199,FACTO TURISMO  LTDA,SP,ANO,73,MG,1000000000,PREGAO,GLOBAL,2,PRIMARIO DISCRICIONARIO,A,INICIAL (LOA),000A,000000000000,SEM EMENDA,ESA,COMANDO DO EXERCITO,52121,0.0,0.0,0.0,895.86
198,160129,ESA,4º CGCFEx,4ª RM,CML,Três Corações,MG,0032,2000,ADMINISTRACAO DA UNIDADE,160505,DGP,171404,GPDPDSVPAME,GPDP,DSV,PAME,DSLC A SV PREP ADM MIS EXT,339033,PASSAGENS E DESPESAS COM LOCOMOCAO,33903301,PASSAGENS PARA O PAIS,2024NE001170,2024,2024-10-04,160129000012024NE001170,21331404000138,ORLEANS VIAGENS E TURISMO LTDA,SP,ANO,52,MG,1000000000,PREGAO,GLOBAL,2,PRIMARIO DISCRICIONARIO,A,INICIAL (LOA),000A,000000000000,SEM EMENDA,ESA,COMANDO DO EXERCITO,52121,1027.42,0.0,1027.42,0.0
199,160129,ESA,4º CGCFEx,4ª RM,CML,Três Corações,MG,0032,2000,ADMINISTRACAO DA UNIDADE,160505,DGP,171404,GPENDIHCAPE,GPEN,DIH,CAPE,CAPACITACAO DE PESSOAL,339033,PASSAGENS E DESPESAS COM LOCOMOCAO,33903302,PASSAGENS PARA O EXTERIOR,2024NE001269,2024,2024-10-30,160129000012024NE001269,14807420000199,FACTO TURISMO  LTDA,SP,ANO,26,MG,1000000000,PREGAO,GLOBAL,2,PRIMARIO DISCRICIONARIO,A,INICIAL (LOA),000A,000000000000,SEM EMENDA,ESA,COMANDO DO EXERCITO,52121,102001.0,0.0,102001.0,0.0
201,160129,ESA,4º CGCFEx,4ª RM,CML,Três Corações,MG,0032,2000,ADMINISTRACAO DA UNIDADE,160505,DGP,171404,IDDSATCPCOM,IDDS,ATC,PCOM,DESLOCAMENTO P CURSO PREP P COMANDANTES OM,339033,PASSAGENS E DESPESAS COM LOCOMOCAO,33903301,PASSAGENS PARA O PAIS,2024NE000856,2024,2024-07-17,160129000012024NE000856,14807420000199,FACTO TURISMO  LTDA,SP,ANO,131,MG,1000000000,PREGAO,GLOBAL,2,PRIMARIO DISCRICIONARIO,A,INICIAL (LOA),000A,000000000000,SEM EMENDA,ESA,COMANDO DO EXERCITO,52121,0.0,0.0,0.0,869.34
202,160129,ESA,4º CGCFEx,4ª RM,CML,Três Corações,MG,0032,2000,ADMINISTRACAO DA UNIDADE,160505,DGP,171404,IDDSATSPCEB,IDDS,ATS,PCEB,DESL PARA CURSOS E ESTAGIOS NO AMBITODO EB,339033,PASSAGENS E DESPESAS COM LOCOMOCAO,33903301,PASSAGENS PARA O PAIS,2024NE000118,2024,2024-02-22,160129000012024NE000118,21331404000138,ORLEANS VIAGENS E TURISMO LTDA,SP,ANO,277,MG,1000000000,PREGAO,GLOBAL,2,PRIMARIO DISCRICIONARIO,A,INICIAL (LOA),000A,000000000000,SEM EMENDA,ESA,COMANDO DO EXERCITO,52121,0.0,0.0,0.0,364.34
203,160129,ESA,4º CGCFEx,4ª RM,CML,Três Corações,MG,0032,2000,ADMINISTRACAO DA UNIDADE,160505,DGP,171404,IDDSATSPCEB,IDDS,ATS,PCEB,DESL PARA CURSOS E ESTAGIOS NO AMBITODO EB,339033,PASSAGENS E DESPESAS COM LOCOMOCAO,33903301,PASSAGENS PARA O PAIS,2024NE000324,2024,2024-03-26,160129000012024NE000324,21331404000138,ORLEANS VIAGENS E TURISMO LTDA,SP,ANO,244,MG,1000000000,PREGAO,GLOBAL,2,PRIMARIO DISCRICIONARIO,A,INICIAL (LOA),000A,000000000000,SEM EMENDA,ESA,COMANDO DO EXERCITO,52121,0.0,0.0,0.0,434.92
204,160129,ESA,4º CGCFEx,4ª RM,CML,Três Corações,MG,0032,2000,ADMINISTRACAO DA UNIDADE,160505,DGP,171404,IDDSATSPCEB,IDDS,ATS,PCEB,DESL PARA CURSOS E ESTAGIOS NO AMBITODO EB,339033,PASSAGENS E DESPESAS COM LOCOMOCAO,33903301,PASSAGENS PARA O PAIS,2024NE000325,2024,2024-03-26,160129000012024NE000325,21331404000138,ORLEANS VIAGENS E TURISMO LTDA,SP,ANO,244,MG,1000000000,PREGAO,GLOBAL,2,PRIMARIO DISCRICIONARIO,A,INICIAL (LOA),000A,000000000000,SEM EMENDA,ESA,COMANDO DO EXERCITO,52121,0.0,0.0,0.0,434.92
205,160129,ESA,4º CGCFEx,4ª RM,CML,Três Corações,MG,0032,2000,ADMINISTRACAO DA UNIDADE,160505,DGP,171404,IDDSATSPCEB,IDDS,ATS,PCEB,DESL PARA CURSOS E ESTAGIOS NO AMBITODO EB,339033,PASSAGENS E DESPESAS COM LOCOMOCAO,33903301,PASSAGENS PARA O PAIS,2024NE000326,2024,2024-03-26,160129000012024NE000326,14807420000199,FACTO TURISMO  LTDA,SP,ANO,244,MG,1000000000,PREGAO,GLOBAL,2,PRIMARIO DISCRICIONARIO,A,INICIAL (LOA),000A,000000000000,SEM EMENDA,ESA,COMANDO DO EXERCITO,52121,0.0,0.0,0.0,2421.75
206,160129,ESA,4º CGCFEx,4ª RM,CML,Três Corações,MG,0032,2000,ADMINISTRACAO DA UNIDADE,160505,DGP,171404,IDDSATSPCEB,IDDS,ATS,PCEB,DESL PARA CURSOS E ESTAGIOS NO AMBITODO EB,339033,PASSAGENS E DESPESAS COM LOCOMOCAO,33903301,PASSAGENS PARA O PAIS,2024NE000327,2024,2024-03-26,160129000012024NE000327,14807420000199,FACTO TURISMO  LTDA,SP,ANO,244,MG,1000000000,PREGAO,GLOBAL,2,PRIMARIO DISCRICIONARIO,A,INICIAL (LOA),000A,000000000000,SEM EMENDA,ESA,COMANDO DO EXERCITO,52121,0.0,0.0,0.0,2421.75
207,160129,ESA,4º CGCFEx,4ª RM,CML,Três Corações,MG,0032,2000,ADMINISTRACAO DA UNIDADE,160505,DGP,171404,IDDSATSPCEB,IDDS,ATS,PCEB,DESL PARA CURSOS E ESTAGIOS NO AMBITODO EB,339033,PASSAGENS E DESPESAS COM LOCOMOCAO,33903301,PASSAGENS PARA O PAIS,2024NE000328,2024,2024-03-26,160129000012024NE000328,21331404000138,ORLEANS VIAGENS E TURISMO LTDA,SP,ANO,244,MG,1000000000,PREGAO,GLOBAL,2,PRIMARIO DISCRICIONARIO,A,INICIAL (LOA),000A,000000000000,SEM EMENDA,ESA,COMANDO DO EXERCITO,52121,0.0,0.0,0.0,317.1
208,160129,ESA,4º CGCFEx,4ª RM,CML,Três Corações,MG,0032,2000,ADMINISTRACAO DA UNIDADE,160505,DGP,171404,IDDSATSPCEB,IDDS,ATS,PCEB,DESL PARA CURSOS E ESTAGIOS NO AMBITODO EB,339033,PASSAGENS E DESPESAS COM LOCOMOCAO,33903301,PASSAGENS PARA O PAIS,2024NE000329,2024,2024-03-26,160129000012024NE000329,21331404000138,ORLEANS VIAGENS E TURISMO LTDA,SP,ANO,244,MG,1000000000,PREGAO,GLOBAL,2,PRIMARIO DISCRICIONARIO,A,INICIAL (LOA),000A,000000000000,SEM EMENDA,ESA,COMANDO DO EXERCITO,52121,0.0,0.0,0.0,317.1
209,160129,ESA,4º CGCFEx,4ª RM,CML,Três Corações,MG,0032,2000,ADMINISTRACAO DA UNIDADE,160505,DGP,171404,IDDSATSPCEB,IDDS,ATS,PCEB,DESL PARA CURSOS E ESTAGIOS NO AMBITODO EB,339033,PASSAGENS E DESPESAS COM LOCOMOCAO,33903301,PASSAGENS PARA O PAIS,2024NE000331,2024,2024-03-27,160129000012024NE000331,21331404000138,ORLEANS VIAGENS E TURISMO LTDA,SP,ANO,243,MG,1000000000,PREGAO,GLOBAL,2,PRIMARIO DISCRICIONARIO,A,INICIAL (LOA),000A,000000000000,SEM EMENDA,ESA,COMANDO DO EXERCITO,52121,0.0,0.0,0.0,897.4
210,160129,ESA,4º CGCFEx,4ª RM,CML,Três Corações,MG,0032,2000,ADMINISTRACAO DA UNIDADE,160505,DGP,171404,IDDSATSPCEB,IDDS,ATS,PCEB,DESL PARA CURSOS E ESTAGIOS NO AMBITODO EB,339033,PASSAGENS E DESPESAS COM LOCOMOCAO,33903301,PASSAGENS PARA O PAIS,2024NE000335,2024,2024-04-01,160129000012024NE000335,14807420000199,FACTO TURISMO  LTDA,SP,ANO,238,MG,1000000000,PREGAO,GLOBAL,2,PRIMARIO DISCRICIONARIO,A,INICIAL (LOA),000A,000000000000,SEM EMENDA,ESA,COMANDO DO EXERCITO,52121,0.0,0.0,0.0,939.16
211,160129,ESA,4º CGCFEx,4ª RM,CML,Três Corações,MG,0032,2000,ADMINISTRACAO DA UNIDADE,160505,DGP,171404,IDDSATSPCEB,IDDS,ATS,PCEB,DESL PARA CURSOS E ESTAGIOS NO AMBITODO EB,339033,PASSAGENS E DESPESAS COM LOCOMOCAO,33903301,PASSAGENS PARA O PAIS,2024NE000336,2024,2024-04-01,160129000012024NE000336,14807420000199,FACTO TURISMO  LTDA,SP,ANO,238,MG,1000000000,PREGAO,GLOBAL,2,PRIMARIO DISCRICIONARIO,A,INICIAL (LOA),000A,000000000000,SEM EMENDA,ESA,COMANDO DO EXERCITO,52121,0.0,0.0,0.0,939.16
212,160129,ESA,4º CGCFEx,4ª RM,CML,Três Corações,MG,0032,2000,ADMINISTRACAO DA UNIDADE,160505,DGP,171404,IDDSATSPCEB,IDDS,ATS,PCEB,DESL PARA CURSOS E ESTAGIOS NO AMBITODO EB,339033,PASSAGENS E DESPESAS COM LOCOMOCAO,33903301,PASSAGENS PARA O PAIS,2024NE000876,2024,2024-07-29,160129000012024NE000876,14807420000199,FACTO TURISMO  LTDA,SP,ANO,119,MG,1000000000,PREGAO,GLOBAL,2,PRIMARIO DISCRICIONARIO,A,INICIAL (LOA),000A,000000000000,SEM EMENDA,ESA,COMANDO DO EXERCITO,52121,0.0,0.0,0.0,1425.85
213,160129,ESA,4º CGCFEx,4ª RM,CML,Três Corações,MG,0032,2000,ADMINISTRACAO DA UNIDADE,160505,DGP,171404,IDDSATSPCEB,IDDS,ATS,PCEB,DESL PARA CURSOS E ESTAGIOS NO AMBITODO EB,339033,PASSAGENS E DESPESAS COM LOCOMOCAO,33903301,PASSAGENS PARA O PAIS,2024NE000942,2024,2024-08-14,160129000012024NE000942,14807420000199,FACTO TURISMO  LTDA,SP,ANO,103,MG,1000000000,PREGAO,GLOBAL,2,PRIMARIO DISCRICIONARIO,A,INICIAL (LOA),000A,000000000000,SEM EMENDA,ESA,COMANDO DO EXERCITO,52121,0.0,0.0,0.0,1063.42
214,160129,ESA,4º CGCFEx,4ª RM,CML,Três Corações,MG,0032,2000,ADMINISTRACAO DA UNIDADE,160505,DGP,171404,IDDSATSPCEB,IDDS,ATS,PCEB,DESL PARA CURSOS E ESTAGIOS NO AMBITODO EB,339033,PASSAGENS E DESPESAS COM LOCOMOCAO,33903301,PASSAGENS PARA O PAIS,2024NE000943,2024,2024-08-14,160129000012024NE000943,21331404000138,ORLEANS VIAGENS E TURISMO LTDA,SP,ANO,103,MG,1000000000,PREGAO,GLOBAL,2,PRIMARIO DISCRICIONARIO,A,INICIAL (LOA),000A,000000000000,SEM EMENDA,ESA,COMANDO DO EXERCITO,52121,0.0,0.0,0.0,424.73
215,160129,ESA,4º CGCFEx,4ª RM,CML,Três Corações,MG,0032,2000,ADMINISTRACAO DA UNIDADE,160505,DGP,171404,IDDSATSPCEB,IDDS,ATS,PCEB,DESL PARA CURSOS E ESTAGIOS NO AMBITODO EB,339033,PASSAGENS E DESPESAS COM LOCOMOCAO,33903301,PASSAGENS PARA O PAIS,2024NE001107,2024,2024-09-26,160129000012024NE001107,21331404000138,ORLEANS VIAGENS E TURISMO LTDA,SP,ANO,60,MG,1000000000,PREGAO,GLOBAL,2,PRIMARIO DISCRICIONARIO,A,INICIAL (LOA),000A,000000000000,SEM EMENDA,ESA,COMANDO DO EXERCITO,52121,0.0,0.0,0.0,867.95
372,160129,ESA,4º CGCFEx,4ª RM,CML,Três Corações,MG,6012,212O,MOVIMENTACAO DE MILITARES,160505,DGP,171389,D6DAATSLOCO,D6DA,ATS,LOCO,ATS - ATIVIDADES SETORIAIS,339033,PASSAGENS E DESPESAS COM LOCOMOCAO,33903304,MUDANCAS EM OBJETO DE SERVICO,2023NE000897,2023,2023-07-25,160129000012023NE000897,03849500000190,A. CENTRAL TRANSPORTES LTDA,PR,RPNP,489,MG,1000000000,PREGAO,ESTIMATIVO,1,PRIMARIO OBRIGATORIO,A,INICIAL (LOA),0000,000000000000,SEM EMENDA,ESCOLA DE SARGENTOS DAS ARMAS,COMANDO DO EXERCITO,52121,0.0,0.0,0.0,12000.0
373,160129,ESA,4º CGCFEx,4ª RM,CML,Três Corações,MG,6012,212O,MOVIMENTACAO DE MILITARES,160505,DGP,171389,D6DAATSLOCO,D6DA,ATS,LOCO,ATS - ATIVIDADES SETORIAIS,339033,PASSAGENS E DESPESAS COM LOCOMOCAO,33903304,MUDANCAS EM OBJETO DE SERVICO,2023NE000898,2023,2023-07-25,160129000012023NE000898,03849500000190,A. CENTRAL TRANSPORTES LTDA,PR,RPNP,489,MG,1000000000,PREGAO,ESTIMATIVO,1,PRIMARIO OBRIGATORIO,A,INICIAL (LOA),0000,000000000000,SEM EMENDA,ESCOLA DE SARGENTOS DAS ARMAS,COMANDO DO EXERCITO,52121,0.0,0.0,0.0,5400.0
374,160129,ESA,4º CGCFEx,4ª RM,CML,Três Corações,MG,6012,212O,MOVIMENTACAO DE MILITARES,160505,DGP,171389,D6DAATSLOCO,D6DA,ATS,LOCO,ATS - ATIVIDADES SETORIAIS,339033,PASSAGENS E DESPESAS COM LOCOMOCAO,33903304,MUDANCAS EM OBJETO DE SERVICO,2023NE000960,2023,2023-08-08,160129000012023NE000960,03849500000190,A. CENTRAL TRANSPORTES LTDA,PR,RPNP,475,MG,1000000000,PREGAO,ESTIMATIVO,1,PRIMARIO OBRIGATORIO,A,INICIAL (LOA),0000,000000000000,SEM EMENDA,ESCOLA DE SARGENTOS DAS ARMAS,COMANDO DO EXERCITO,52121,0.0,0.0,0.0,24950.0
375,160129,ESA,4º CGCFEx,4ª RM,CML,Três Corações,MG,6012,212O,MOVIMENTACAO DE MILITARES,160505,DGP,171389,D6DAATSLOCO,D6DA,ATS,LOCO,ATS - ATIVIDADES SETORIAIS,339033,PASSAGENS E DESPESAS COM LOCOMOCAO,33903304,MUDANCAS EM OBJETO DE SERVICO,2023NE000989,2023,2023-08-11,160129000012023NE000989,03849500000190,A. CENTRAL TRANSPORTES LTDA,PR,RPNP,472,MG,1000000000,PREGAO,ESTIMATIVO,1,PRIMARIO OBRIGATORIO,A,INICIAL (LOA),0000,000000000000,SEM EMENDA,ESCOLA DE SARGENTOS DAS ARMAS,COMANDO DO EXERCITO,52121,0.0,0.0,0.0,10800.0
376,160129,ESA,4º CGCFEx,4ª RM,CML,Três Corações,MG,6012,212O,MOVIMENTACAO DE MILITARES,160505,DGP,171389,D6DAATSLOCO,D6DA,ATS,LOCO,ATS - ATIVIDADES SETORIAIS,339033,PASSAGENS E DESPESAS COM LOCOMOCAO,33903304,MUDANCAS EM OBJETO DE SERVICO,2023NE000990,2023,2023-08-11,160129000012023NE000990,03849500000190,A. CENTRAL TRANSPORTES LTDA,PR,RPNP,472,MG,1000000000,PREGAO,ESTIMATIVO,1,PRIMARIO OBRIGATORIO,A,INICIAL (LOA),0000,000000000000,SEM EMENDA,ESCOLA DE SARGENTOS DAS ARMAS,COMANDO DO EXERCITO,52121,0.0,0.0,0.0,24451.0
377,160129,ESA,4º CGCFEx,4ª RM,CML,Três Corações,MG,6012,212O,MOVIMENTACAO DE MILITARES,160505,DGP,171389,D6DAATSLOCO,D6DA,ATS,LOCO,ATS - ATIVIDADES SETORIAIS,339033,PASSAGENS E DESPESAS COM LOCOMOCAO,33903304,MUDANCAS EM OBJETO DE SERVICO,2023NE001018,2023,2023-08-16,160129000012023NE001018,03849500000190,A. CENTRAL TRANSPORTES LTDA,PR,RPNP,467,MG,1000000000,PREGAO,ESTIMATIVO,1,PRIMARIO OBRIGATORIO,A,INICIAL (LOA),0000,000000000000,SEM EMENDA,ESCOLA DE SARGENTOS DAS ARMAS,COMANDO DO EXERCITO,52121,0.0,0.0,0.0,9900.0
378,160129,ESA,4º CGCFEx,4ª RM,CML,Três Corações,MG,6012,212O,MOVIMENTACAO DE MILITARES,160505,DGP,171389,D6DAATSLOCO,D6DA,ATS,LOCO,ATS - ATIVIDADES SETORIAIS,339033,PASSAGENS E DESPESAS COM LOCOMOCAO,33903304,MUDANCAS EM OBJETO DE SERVICO,2023NE001059,2023,2023-08-23,160129000012023NE001059,03849500000190,A. CENTRAL TRANSPORTES LTDA,PR,RPNP,460,MG,1000000000,PREGAO,ESTIMATIVO,1,PRIMARIO OBRIGATORIO,A,INICIAL (LOA),0000,000000000000,SEM EMENDA,ESCOLA DE SARGENTOS DAS ARMAS,COMANDO DO EXERCITO,52121,0.0,0.0,0.0,14400.0
379,160129,ESA,4º CGCFEx,4ª RM,CML,Três Corações,MG,6012,212O,MOVIMENTACAO DE MILITARES,160505,DGP,171389,D6DAATSLOCO,D6DA,ATS,LOCO,ATS - ATIVIDADES SETORIAIS,339033,PASSAGENS E DESPESAS COM LOCOMOCAO,33903304,MUDANCAS EM OBJETO DE SERVICO,2023NE001079,2023,2023-08-29,160129000012023NE001079,03849500000190,A. CENTRAL TRANSPORTES LTDA,PR,RPNP,454,MG,1000000000,PREGAO,ESTIMATIVO,1,PRIMARIO OBRIGATORIO,A,INICIAL (LOA),0000,000000000000,SEM EMENDA,ESCOLA DE SARGENTOS DAS ARMAS,COMANDO DO EXERCITO,52121,0.0,0.0,0.0,6660.0
380,160129,ESA,4º CGCFEx,4ª RM,CML,Três Corações,MG,6012,212O,MOVIMENTACAO DE MILITARES,160505,DGP,171389,D6DAATSLOCO,D6DA,ATS,LOCO,ATS - ATIVIDADES SETORIAIS,339033,PASSAGENS E DESPESAS COM LOCOMOCAO,33903304,MUDANCAS EM OBJETO DE SERVICO,2023NE001090,2023,2023-08-30,160129000012023NE001090,03849500000190,A. CENTRAL TRANSPORTES LTDA,PR,RPNP,453,MG,1000000000,PREGAO,ESTIMATIVO,1,PRIMARIO OBRIGATORIO,A,INICIAL (LOA),0000,000000000000,SEM EMENDA,ESA,COMANDO DO EXERCITO,52121,0.0,0.0,0.0,7200.0
381,160129,ESA,4º CGCFEx,4ª RM,CML,Três Corações,MG,6012,212O,MOVIMENTACAO DE MILITARES,160505,DGP,171389,D6DAATSLOCO,D6DA,ATS,LOCO,ATS - ATIVIDADES SETORIAIS,339033,PASSAGENS E DESPESAS COM LOCOMOCAO,33903304,MUDANCAS EM OBJETO DE SERVICO,2023NE001100,2023,2023-09-04,160129000012023NE001100,03849500000190,A. CENTRAL TRANSPORTES LTDA,PR,RPNP,448,MG,1000000000,PREGAO,ESTIMATIVO,1,PRIMARIO OBRIGATORIO,A,INICIAL (LOA),0000,000000000000,SEM EMENDA,ESCOLA DE SARGENTOS DAS ARMAS,COMANDO DO EXERCITO,52121,0.0,0.0,0.0,31000.0
382,160129,ESA,4º CGCFEx,4ª RM,CML,Três Corações,MG,6012,212O,MOVIMENTACAO DE MILITARES,160505,DGP,171389,D6DAATSLOCO,D6DA,ATS,LOCO,ATS - ATIVIDADES SETORIAIS,339033,PASSAGENS E DESPESAS COM LOCOMOCAO,33903304,MUDANCAS EM OBJETO DE SERVICO,2023NE001102,2023,2023-09-04,160129000012023NE001102,03849500000190,A. CENTRAL TRANSPORTES LTDA,PR,RPNP,448,MG,1000000000,PREGAO,ESTIMATIVO,1,PRIMARIO OBRIGATORIO,A,INICIAL (LOA),0000,000000000000,SEM EMENDA,ESCOLA DE SARGENTOS DAS ARMAS,COMANDO DO EXERCITO,52121,0.0,0.0,0.0,12000.0
383,160129,ESA,4º CGCFEx,4ª RM,CML,Três Corações,MG,6012,212O,MOVIMENTACAO DE MILITARES,160505,DGP,171389,D6DAATSLOCO,D6DA,ATS,LOCO,ATS - ATIVIDADES SETORIAIS,339033,PASSAGENS E DESPESAS COM LOCOMOCAO,33903304,MUDANCAS EM OBJETO DE SERVICO,2023NE001104,2023,2023-09-05,160129000012023NE001104,03849500000190,A. CENTRAL TRANSPORTES LTDA,PR,RPNP,447,MG,1000000000,PREGAO,ESTIMATIVO,1,PRIMARIO OBRIGATORIO,A,INICIAL (LOA),0000,000000000000,SEM EMENDA,ESCOLA DE SARGENTOS DAS ARMAS,COMANDO DO EXERCITO,52121,0.0,0.0,0.0,15000.0
384,160129,ESA,4º CGCFEx,4ª RM,CML,Três Corações,MG,6012,212O,MOVIMENTACAO DE MILITARES,160505,DGP,171389,D6DAATSLOCO,D6DA,ATS,LOCO,ATS - ATIVIDADES SETORIAIS,339033,PASSAGENS E DESPESAS COM LOCOMOCAO,33903304,MUDANCAS EM OBJETO DE SERVICO,2023NE001133,2023,2023-09-12,160129000012023NE001133,03849500000190,A. CENTRAL TRANSPORTES LTDA,PR,RPNP,440,MG,1000000000,PREGAO,ESTIMATIVO,1,PRIMARIO OBRIGATORIO,A,INICIAL (LOA),0000,000000000000,SEM EMENDA,ESCOLA DE SARGENTOS DAS ARMAS,COMANDO DO EXERCITO,52121,0.0,0.0,0.0,8000.0
385,160129,ESA,4º CGCFEx,4ª RM,CML,Três Corações,MG,6012,212O,MOVIMENTACAO DE MILITARES,160505,DGP,171389,D6DAATSLOCO,D6DA,ATS,LOCO,ATS - ATIVIDADES SETORIAIS,339033,PASSAGENS E DESPESAS COM LOCOMOCAO,33903304,MUDANCAS EM OBJETO DE SERVICO,2023NE001217,2023,2023-10-03,160129000012023NE001217,03849500000190,A. CENTRAL TRANSPORTES LTDA,PR,RPNP,419,MG,1000000000,PREGAO,ESTIMATIVO,1,PRIMARIO OBRIGATORIO,A,INICIAL (LOA),0000,000000000000,SEM EMENDA,ESCOLA DE SARGENTOS DAS ARMAS,COMANDO DO EXERCITO,52121,0.0,0.0,0.0,8100.0
386,160129,ESA,4º CGCFEx,4ª RM,CML,Três Corações,MG,6012,212O,MOVIMENTACAO DE MILITARES,160505,DGP,171389,D6DAATSLOCO,D6DA,ATS,LOCO,ATS - ATIVIDADES SETORIAIS,339033,PASSAGENS E DESPESAS COM LOCOMOCAO,33903304,MUDANCAS EM OBJETO DE SERVICO,2023NE001218,2023,2023-10-03,160129000012023NE001218,03849500000190,A. CENTRAL TRANSPORTES LTDA,PR,RPNP,419,MG,1000000000,PREGAO,ESTIMATIVO,1,PRIMARIO OBRIGATORIO,A,INICIAL (LOA),0000,000000000000,SEM EMENDA,ESCOLA DE SARGENTOS DAS ARMAS,COMANDO DO EXERCITO,52121,0.0,0.0,0.0,15900.0
387,160129,ESA,4º CGCFEx,4ª RM,CML,Três Corações,MG,6012,212O,MOVIMENTACAO DE MILITARES,160505,DGP,171389,D6DAATSLOCO,D6DA,ATS,LOCO,ATS - ATIVIDADES SETORIAIS,339033,PASSAGENS E DESPESAS COM LOCOMOCAO,33903304,MUDANCAS EM OBJETO DE SERVICO,2023NE001219,2023,2023-10-03,160129000012023NE001219,03849500000190,A. CENTRAL TRANSPORTES LTDA,PR,RPNP,419,MG,1000000000,PREGAO,ESTIMATIVO,1,PRIMARIO OBRIGATORIO,A,INICIAL (LOA),0000,000000000000,SEM EMENDA,ESCOLA DE SARGENTOS DAS ARMAS,COMANDO DO EXERCITO,52121,0.0,0.0,0.0,7200.0
388,160129,ESA,4º CGCFEx,4ª RM,CML,Três Corações,MG,6012,212O,MOVIMENTACAO DE MILITARES,160505,DGP,171389,D6DAATSLOCO,D6DA,ATS,LOCO,ATS - ATIVIDADES SETORIAIS,339033,PASSAGENS E DESPESAS COM LOCOMOCAO,33903304,MUDANCAS EM OBJETO DE SERVICO,2023NE001221,2023,2023-10-03,160129000012023NE001221,03849500000190,A. CENTRAL TRANSPORTES LTDA,PR,RPNP,419,MG,1000000000,PREGAO,ESTIMATIVO,1,PRIMARIO OBRIGATORIO,A,INICIAL (LOA),0000,000000000000,SEM EMENDA,ESCOLA DE SARGENTOS DAS ARMAS,COMANDO DO EXERCITO,52121,0.0,0.0,0.0,9900.0
389,160129,ESA,4º CGCFEx,4ª RM,CML,Três Corações,MG,6012,212O,MOVIMENTACAO DE MILITARES,160505,DGP,171389,D6DAATSLOCO,D6DA,ATS,LOCO,ATS - ATIVIDADES SETORIAIS,339033,PASSAGENS E DESPESAS COM LOCOMOCAO,33903304,MUDANCAS EM OBJETO DE SERVICO,2023NE001228,2023,2023-10-04,160129000012023NE001228,03849500000190,A. CENTRAL TRANSPORTES LTDA,PR,RPNP,418,MG,1000000000,PREGAO,ESTIMATIVO,1,PRIMARIO OBRIGATORIO,A,INICIAL (LOA),0000,000000000000,SEM EMENDA,ESCOLA DE SARGENTOS DAS ARMAS,COMANDO DO EXERCITO,52121,0.0,0.0,0.0,25000.0
390,160129,ESA,4º CGCFEx,4ª RM,CML,Três Corações,MG,6012,212O,MOVIMENTACAO DE MILITARES,160505,DGP,171389,D6DAATSLOCO,D6DA,ATS,LOCO,ATS - ATIVIDADES SETORIAIS,339033,PASSAGENS E DESPESAS COM LOCOMOCAO,33903304,MUDANCAS EM OBJETO DE SERVICO,2023NE001229,2023,2023-10-04,160129000012023NE001229,03849500000190,A. CENTRAL TRANSPORTES LTDA,PR,RPNP,418,MG,1000000000,PREGAO,ESTIMATIVO,1,PRIMARIO OBRIGATORIO,A,INICIAL (LOA),0000,000000000000,SEM EMENDA,ESCOLA DE SARGENTOS DAS ARMAS,COMANDO DO EXERCITO,52121,0.0,0.0,0.0,15000.0
391,160129,ESA,4º CGCFEx,4ª RM,CML,Três Corações,MG,6012,212O,MOVIMENTACAO DE MILITARES,160505,DGP,171389,D6DAATSLOCO,D6DA,ATS,LOCO,ATS - ATIVIDADES SETORIAIS,339033,PASSAGENS E DESPESAS COM LOCOMOCAO,33903304,MUDANCAS EM OBJETO DE SERVICO,2023NE001230,2023,2023-10-04,160129000012023NE001230,03849500000190,A. CENTRAL TRANSPORTES LTDA,PR,RPNP,418,MG,1000000000,PREGAO,ESTIMATIVO,1,PRIMARIO OBRIGATORIO,A,INICIAL (LOA),0000,000000000000,SEM EMENDA,ESCOLA DE SARGENTOS DAS ARMAS,COMANDO DO EXERCITO,52121,0.0,0.0,0.0,9900.0
392,160129,ESA,4º CGCFEx,4ª RM,CML,Três Corações,MG,6012,212O,MOVIMENTACAO DE MILITARES,160505,DGP,171389,D6DAATSLOCO,D6DA,ATS,LOCO,ATS - ATIVIDADES SETORIAIS,339033,PASSAGENS E DESPESAS COM LOCOMOCAO,33903304,MUDANCAS EM OBJETO DE SERVICO,2023NE001255,2023,2023-10-11,160129000012023NE001255,03849500000190,A. CENTRAL TRANSPORTES LTDA,PR,RPNP,411,MG,1000000000,PREGAO,ESTIMATIVO,1,PRIMARIO OBRIGATORIO,A,INICIAL (LOA),0000,000000000000,SEM EMENDA,ESCOLA DE SARGENTOS DAS ARMAS,COMANDO DO EXERCITO,52121,0.0,0.0,0.0,4500.0
393,160129,ESA,4º CGCFEx,4ª RM,CML,Três Corações,MG,6012,212O,MOVIMENTACAO DE MILITARES,160505,DGP,171389,D6DAATSLOCO,D6DA,ATS,LOCO,ATS - ATIVIDADES SETORIAIS,339033,PASSAGENS E DESPESAS COM LOCOMOCAO,33903304,MUDANCAS EM OBJETO DE SERVICO,2023NE001256,2023,2023-10-16,160129000012023NE001256,03849500000190,A. CENTRAL TRANSPORTES LTDA,PR,RPNP,406,MG,1000000000,PREGAO,ESTIMATIVO,1,PRIMARIO OBRIGATORIO,A,INICIAL (LOA),0000,000000000000,SEM EMENDA,ESCOLA DE SARGENTOS DAS ARMAS,COMANDO DO EXERCITO,52121,0.0,0.0,0.0,6000.0
394,160129,ESA,4º CGCFEx,4ª RM,CML,Três Corações,MG,6012,212O,MOVIMENTACAO DE MILITARES,160505,DGP,171389,D6DAATSLOCO,D6DA,ATS,LOCO,ATS - ATIVIDADES SETORIAIS,339033,PASSAGENS E DESPESAS COM LOCOMOCAO,33903304,MUDANCAS EM OBJETO DE SERVICO,2023NE001262,2023,2023-10-16,160129000012023NE001262,03849500000190,A. CENTRAL TRANSPORTES LTDA,PR,RPNP,406,MG,1000000000,PREGAO,ESTIMATIVO,1,PRIMARIO OBRIGATORIO,A,INICIAL (LOA),0000,000000000000,SEM EMENDA,ESCOLA DE SARGENTOS DAS ARMAS,COMANDO DO EXERCITO,52121,0.0,0.0,0.0,13500.0
395,160129,ESA,4º CGCFEx,4ª RM,CML,Três Corações,MG,6012,212O,MOVIMENTACAO DE MILITARES,160505,DGP,171389,D6DAATSLOCO,D6DA,ATS,LOCO,ATS - ATIVIDADES SETORIAIS,339033,PASSAGENS E DESPESAS COM LOCOMOCAO,33903304,MUDANCAS EM OBJETO DE SERVICO,2023NE001263,2023,2023-10-16,160129000012023NE001263,03849500000190,A. CENTRAL TRANSPORTES LTDA,PR,RPNP,406,MG,1000000000,PREGAO,ESTIMATIVO,1,PRIMARIO OBRIGATORIO,A,INICIAL (LOA),0000,000000000000,SEM EMENDA,ESCOLA DE SARGENTOS DAS ARMAS,COMANDO DO EXERCITO,52121,0.0,0.0,0.0,15900.0
396,160129,ESA,4º CGCFEx,4ª RM,CML,Três Corações,MG,6012,212O,MOVIMENTACAO DE MILITARES,160505,DGP,171389,D6DAATSLOCO,D6DA,ATS,LOCO,ATS - ATIVIDADES SETORIAIS,339033,PASSAGENS E DESPESAS COM LOCOMOCAO,33903304,MUDANCAS EM OBJETO DE SERVICO,2023NE001264,2023,2023-10-16,160129000012023NE001264,03849500000190,A. CENTRAL TRANSPORTES LTDA,PR,RPNP,406,MG,1000000000,PREGAO,ESTIMATIVO,1,PRIMARIO OBRIGATORIO,A,INICIAL (LOA),0000,000000000000,SEM EMENDA,ESCOLA DE SARGENTOS DAS ARMAS,COMANDO DO EXERCITO,52121,0.0,0.0,0.0,1500.0
397,160129,ESA,4º CGCFEx,4ª RM,CML,Três Corações,MG,6012,212O,MOVIMENTACAO DE MILITARES,160505,DGP,171389,D6DAATSLOCO,D6DA,ATS,LOCO,ATS - ATIVIDADES SETORIAIS,339033,PASSAGENS E DESPESAS COM LOCOMOCAO,33903304,MUDANCAS EM OBJETO DE SERVICO,2023NE002682,2023,2023-12-08,160129000012023NE002682,00502302000168,MUNDIAL RESIDENCE TRANSPORTES E LOGISTICA LTDA,DF,RPNP,353,MG,1000000000,PREGAO,ESTIMATIVO,1,PRIMARIO OBRIGATORIO,A,INICIAL (LOA),0000,000000000000,SEM EMENDA,ESCOLA DE SARGENTOS DAS ARMAS,COMANDO DO EXERCITO,52121,0.0,0.0,0.0,14250.0
398,160129,ESA,4º CGCFEx,4ª RM,CML,Três Corações,MG,6012,212O,MOVIMENTACAO DE MILITARES,160505,DGP,171389,D6DAATSLOCO,D6DA,ATS,LOCO,ATS - ATIVIDADES SETORIAIS,339033,PASSAGENS E DESPESAS COM LOCOMOCAO,33903304,MUDANCAS EM OBJETO DE SERVICO,2023NE002686,2023,2023-12-08,160129000012023NE002686,03126110000192,MARCA SUL MUDANCAS E TRANSPORTES LTDA,DF,RPNP,353,MG,1000000000,PREGAO,ESTIMATIVO,1,PRIMARIO OBRIGATORIO,A,INICIAL (LOA),0000,000000000000,SEM EMENDA,ESCOLA DE SARGENTOS DAS ARMAS,COMANDO DO EXERCITO,52121,0.0,0.0,0.0,17450.0
399,160129,ESA,4º CGCFEx,4ª RM,CML,Três Corações,MG,6012,212O,MOVIMENTACAO DE MILITARES,160505,DGP,171389,D6DAATSLOCO,D6DA,ATS,LOCO,ATS - ATIVIDADES SETORIAIS,339033,PASSAGENS E DESPESAS COM LOCOMOCAO,33903304,MUDANCAS EM OBJETO DE SERVICO,2023NE002687,2023,2023-12-08,160129000012023NE002687,03126110000192,MARCA SUL MUDANCAS E TRANSPORTES LTDA,DF,RPNP,353,MG,1000000000,PREGAO,ESTIMATIVO,1,PRIMARIO OBRIGATORIO,A,INICIAL (LOA),0000,000000000000,SEM EMENDA,ESCOLA DE SARGENTOS DAS ARMAS,COMANDO DO EXERCITO,52121,0.0,0.0,0.0,17907.5
400,160129,ESA,4º CGCFEx,4ª RM,CML,Três Corações,MG,6012,212O,MOVIMENTACAO DE MILITARES,160505,DGP,171389,D6DAATSLOCO,D6DA,ATS,LOCO,ATS - ATIVIDADES SETORIAIS,339033,PASSAGENS E DESPESAS COM LOCOMOCAO,33903304,MUDANCAS EM OBJETO DE SERVICO,2023NE002691,2023,2023-12-11,160129000012023NE002691,03126110000192,MARCA SUL MUDANCAS E TRANSPORTES LTDA,DF,RPNP,350,MG,1000000000,PREGAO,ESTIMATIVO,1,PRIMARIO OBRIGATORIO,A,INICIAL (LOA),0000,000000000000,SEM EMENDA,ESCOLA DE SARGENTOS DAS ARMAS,COMANDO DO EXERCITO,52121,0.0,0.0,0.0,17191.2
401,160129,ESA,4º CGCFEx,4ª RM,CML,Três Corações,MG,6012,212O,MOVIMENTACAO DE MILITARES,160505,DGP,171389,D6DAATSLOCO,D6DA,ATS,LOCO,ATS - ATIVIDADES SETORIAIS,339033,PASSAGENS E DESPESAS COM LOCOMOCAO,33903304,MUDANCAS EM OBJETO DE SERVICO,2023NE002693,2023,2023-12-11,160129000012023NE002693,03126110000192,MARCA SUL MUDANCAS E TRANSPORTES LTDA,DF,RPNP,350,MG,1000000000,PREGAO,ESTIMATIVO,1,PRIMARIO OBRIGATORIO,A,INICIAL (LOA),0000,000000000000,SEM EMENDA,ESCOLA DE SARGENTOS DAS ARMAS,COMANDO DO EXERCITO,52121,0.0,0.0,0.0,20735.0
402,160129,ESA,4º CGCFEx,4ª RM,CML,Três Corações,MG,6012,212O,MOVIMENTACAO DE MILITARES,160505,DGP,171389,D6DAATSLOCO,D6DA,ATS,LOCO,ATS - ATIVIDADES SETORIAIS,339033,PASSAGENS E DESPESAS COM LOCOMOCAO,33903304,MUDANCAS EM OBJETO DE SERVICO,2023NE002706,2023,2023-12-12,160129000012023NE002706,03849500000190,A. CENTRAL TRANSPORTES LTDA,PR,RPNP,349,MG,1000000000,DISPENSA DE LICITACAO,ORDINARIO,1,PRIMARIO OBRIGATORIO,A,INICIAL (LOA),0000,000000000000,SEM EMENDA,ESCOLA DE SARGENTOS DAS ARMAS,COMANDO DO EXERCITO,52121,0.0,0.0,0.0,11500.0
403,160129,ESA,4º CGCFEx,4ª RM,CML,Três Corações,MG,6012,212O,MOVIMENTACAO DE MILITARES,160505,DGP,171389,DGPREQTRNP2,DGPR,EQT,RNP2,MOV OF GEN REQS TRNP,339033,PASSAGENS E DESPESAS COM LOCOMOCAO,33903304,MUDANCAS EM OBJETO DE SERVICO,2023NE002698,2023,2023-12-11,160129000012023NE002698,03126110000192,MARCA SUL MUDANCAS E TRANSPORTES LTDA,DF,RPNP,350,MG,1000000000,PREGAO,ESTIMATIVO,1,PRIMARIO OBRIGATORIO,A,INICIAL (LOA),0000,000000000000,SEM EMENDA,ESCOLA DE SARGENTOS DAS ARMAS,COMANDO DO EXERCITO,52121,0.0,0.0,0.0,25786.8
429,160129,ESA,4º CGCFEx,4ª RM,CML,Três Corações,MG,6012,8965,CAPACITACAO PROFISSIONAL MILITAR DO E,160503,DECEX/GESTOR,171423,C1ENMILOUTR,C1EN,MIL,OUTR,OUTROS,339033,PASSAGENS E DESPESAS COM LOCOMOCAO,33903301,PASSAGENS PARA O PAIS,2023NE002723,2023,2023-12-21,160129000012023NE002723,14807420000199,FACTO TURISMO  LTDA,SP,RPNP,340,MG,1000000000,PREGAO,GLOBAL,2,PRIMARIO DISCRICIONARIO,A,INICIAL (LOA),0000,000000000000,SEM EMENDA,ESA,COMANDO DO EXERCITO,52121,0.0,0.0,0.0,4010.56
447,160129,ESA,4º CGCFEx,4ª RM,CML,Três Corações,MG,6012,8965,CAPACITACAO PROFISSIONAL MILITAR DO E,160503,DECEX/GESTOR,171423,C4ENMILCAPE,C4EN,MIL,CAPE,CAPACITACAO DE PESSOAL,339033,PASSAGENS E DESPESAS COM LOCOMOCAO,33903301,PASSAGENS PARA O PAIS,2023NE000033,2023,2023-02-03,160129000012023NE000033,14807420000199,FACTO TURISMO  LTDA,SP,RPNP,661,MG,1000000000,PREGAO,GLOBAL,2,PRIMARIO DISCRICIONARIO,A,INICIAL (LOA),0000,000000000000,SEM EMENDA,ESA,COMANDO DO EXERCITO,52121,3236.21,0.0,3236.21,19261.89
448,160129,ESA,4º CGCFEx,4ª RM,CML,Três Corações,MG,6012,8965,CAPACITACAO PROFISSIONAL MILITAR DO E,160503,DECEX/GESTOR,171423,C4ENMILCAPE,C4EN,MIL,CAPE,CAPACITACAO DE PESSOAL,339033,PASSAGENS E DESPESAS COM LOCOMOCAO,33903301,PASSAGENS PARA O PAIS,2023NE000034,2023,2023-02-03,160129000012023NE000034,21331404000138,ORLEANS VIAGENS E TURISMO LTDA,SP,RPNP,661,MG,1000000000,PREGAO,GLOBAL,2,PRIMARIO DISCRICIONARIO,A,INICIAL (LOA),0000,000000000000,SEM EMENDA,ESA,COMANDO DO EXERCITO,52121,68.95,1700.55,1769.5,8048.25
449,160129,ESA,4º CGCFEx,4ª RM,CML,Três Corações,MG,6012,8965,CAPACITACAO PROFISSIONAL MILITAR DO E,160503,DECEX/GESTOR,171423,C4ENMILCAPE,C4EN,MIL,CAPE,CAPACITACAO DE PESSOAL,339033,PASSAGENS E DESPESAS COM LOCOMOCAO,33903301,PASSAGENS PARA O PAIS,2023NE000329,2023,2023-04-03,160129000012023NE000329,14807420000199,FACTO TURISMO  LTDA,SP,RPNP,602,MG,1000000000,PREGAO,GLOBAL,2,PRIMARIO DISCRICIONARIO,A,INICIAL (LOA),0000,000000000000,SEM EMENDA,ESA,COMANDO DO EXERCITO,52121,330.22,0.0,330.22,3828.26
450,160129,ESA,4º CGCFEx,4ª RM,CML,Três Corações,MG,6012,8965,CAPACITACAO PROFISSIONAL MILITAR DO E,160503,DECEX/GESTOR,171423,C4ENMILCAPE,C4EN,MIL,CAPE,CAPACITACAO DE PESSOAL,339033,PASSAGENS E DESPESAS COM LOCOMOCAO,33903303,LOCACAO DE MEIOS DE TRANSPORTE,2023NE002718,2023,2023-12-20,160129000012023NE002718,06178319000198,LILA TURISMO LTDA,DF,RPNP,341,MG,1000000000,PREGAO,ORDINARIO,2,PRIMARIO DISCRICIONARIO,A,INICIAL (LOA),0000,000000000000,SEM EMENDA,"ESCOLA DE SARGENTOS DAS ARMAS  - AVENIDA SETE DE SETEMBRO, 628 - CENTRO - TRES CORACOES - MG",COMANDO DO EXERCITO,52121,0.0,0.0,0.0,1793.34
468,160129,ESA,4º CGCFEx,4ª RM,CML,Três Corações,MG,6111,21BJ,DESENVOLVIMENTO DO DESPORTO NACIONAL,110407,DEORF/MD,228728,C1DTDEFOUTR,C1DT,DEF,OUTR,FUNDO EXÉRCITO - DECEX,339033,PASSAGENS E DESPESAS COM LOCOMOCAO,33903309,TRANSPORTE DE SERVIDORES,2024NE000258,2024,2024-03-13,160129000012024NE000258,92221589000176,IRMAOS KOPERECK LTDA,RS,ANO,257,MG,1000000000,PREGAO,GLOBAL,2,PRIMARIO DISCRICIONARIO,A,INICIAL (LOA),0002,000000000000,SEM EMENDA,"ESCOLA DE SARGENTOS DAS ARMAS - AV. SETE DE SETEMBRO, 628 - CENTRO, TRÊS CORAÇÕES - MG, 37410-155",MINISTERIO DA DEFESA,52101,0.0,0.0,0.0,17850.0
566,160129,ESA,4º CGCFEx,4ª RM,CML,Três Corações,MG,6112,212O,MOVIMENTACAO DE MILITARES,160505,DGP,232007,D6DAATSLOCO,D6DA,ATS,LOCO,ATS - ATIVIDADES SETORIAIS,339033,PASSAGENS E DESPESAS COM LOCOMOCAO,33903304,MUDANCAS EM OBJETO DE SERVICO,2024NE000361,2024,2024-04-10,160129000012024NE000361,39644514000115,MULTI PRIME MUDANCAS E TRANSPORTES ESPECIAIS LTDA,GO,ANO,229,MG,1000000000,PREGAO,ESTIMATIVO,1,PRIMARIO OBRIGATORIO,A,INICIAL (LOA),0000,000000000000,SEM EMENDA,ESCOLA DE SARGENTOS DAS ARMAS,COMANDO DO EXERCITO,52121,0.0,0.0,0.0,29900.0
567,160129,ESA,4º CGCFEx,4ª RM,CML,Três Corações,MG,6112,212O,MOVIMENTACAO DE MILITARES,160505,DGP,232007,D6DAATSLOCO,D6DA,ATS,LOCO,ATS - ATIVIDADES SETORIAIS,339033,PASSAGENS E DESPESAS COM LOCOMOCAO,33903304,MUDANCAS EM OBJETO DE SERVICO,2024NE000362,2024,2024-04-10,160129000012024NE000362,39644514000115,MULTI PRIME MUDANCAS E TRANSPORTES ESPECIAIS LTDA,GO,ANO,229,MG,1000000000,PREGAO,ESTIMATIVO,1,PRIMARIO OBRIGATORIO,A,INICIAL (LOA),0000,000000000000,SEM EMENDA,ESCOLA DE SARGENTOS DAS ARMAS,COMANDO DO EXERCITO,52121,19850.0,0.0,19850.0,0.0
568,160129,ESA,4º CGCFEx,4ª RM,CML,Três Corações,MG,6112,212O,MOVIMENTACAO DE MILITARES,160505,DGP,232007,D6DAATSLOCO,D6DA,ATS,LOCO,ATS - ATIVIDADES SETORIAIS,339033,PASSAGENS E DESPESAS COM LOCOMOCAO,33903304,MUDANCAS EM OBJETO DE SERVICO,2024NE000717,2024,2024-06-20,160129000012024NE000717,39644514000115,MULTI PRIME MUDANCAS E TRANSPORTES ESPECIAIS LTDA,GO,ANO,158,MG,1000000000,PREGAO,ESTIMATIVO,1,PRIMARIO OBRIGATORIO,A,INICIAL (LOA),0000,000000000000,SEM EMENDA,ESCOLA DE SARGENTOS DAS ARMAS,COMANDO DO EXERCITO,52121,19850.0,0.0,19850.0,0.0
569,160129,ESA,4º CGCFEx,4ª RM,CML,Três Corações,MG,6112,212O,MOVIMENTACAO DE MILITARES,160505,DGP,232007,D6DAATSLOCO,D6DA,ATS,LOCO,ATS - ATIVIDADES SETORIAIS,339033,PASSAGENS E DESPESAS COM LOCOMOCAO,33903304,MUDANCAS EM OBJETO DE SERVICO,2024NE000718,2024,2024-06-20,160129000012024NE000718,39644514000115,MULTI PRIME MUDANCAS E TRANSPORTES ESPECIAIS LTDA,GO,ANO,158,MG,1000000000,PREGAO,ESTIMATIVO,1,PRIMARIO OBRIGATORIO,A,INICIAL (LOA),0000,000000000000,SEM EMENDA,ESCOLA DE SARGENTOS DAS ARMAS,COMANDO DO EXERCITO,52121,34684.0,0.0,34684.0,0.0
570,160129,ESA,4º CGCFEx,4ª RM,CML,Três Corações,MG,6112,212O,MOVIMENTACAO DE MILITARES,160505,DGP,232007,D6DAATSLOCO,D6DA,ATS,LOCO,ATS - ATIVIDADES SETORIAIS,339033,PASSAGENS E DESPESAS COM LOCOMOCAO,33903304,MUDANCAS EM OBJETO DE SERVICO,2024NE000719,2024,2024-06-20,160129000012024NE000719,39644514000115,MULTI PRIME MUDANCAS E TRANSPORTES ESPECIAIS LTDA,GO,ANO,158,MG,1000000000,PREGAO,ESTIMATIVO,1,PRIMARIO OBRIGATORIO,A,INICIAL (LOA),0000,000000000000,SEM EMENDA,ESCOLA DE SARGENTOS DAS ARMAS,COMANDO DO EXERCITO,52121,50049.0,0.0,50049.0,0.0
571,160129,ESA,4º CGCFEx,4ª RM,CML,Três Corações,MG,6112,212O,MOVIMENTACAO DE MILITARES,160505,DGP,232007,D6DAATSLOCO,D6DA,ATS,LOCO,ATS - ATIVIDADES SETORIAIS,339033,PASSAGENS E DESPESAS COM LOCOMOCAO,33903304,MUDANCAS EM OBJETO DE SERVICO,2024NE000742,2024,2024-06-25,160129000012024NE000742,39644514000115,MULTI PRIME MUDANCAS E TRANSPORTES ESPECIAIS LTDA,GO,ANO,153,MG,1000000000,PREGAO,ESTIMATIVO,1,PRIMARIO OBRIGATORIO,A,INICIAL (LOA),0000,000000000000,SEM EMENDA,ESCOLA DE SARGENTOS DAS ARMAS,COMANDO DO EXERCITO,52121,21850.0,0.0,21850.0,0.0
572,160129,ESA,4º CGCFEx,4ª RM,CML,Três Corações,MG,6112,212O,MOVIMENTACAO DE MILITARES,160505,DGP,232007,D6DAATSLOCO,D6DA,ATS,LOCO,ATS - ATIVIDADES SETORIAIS,339033,PASSAGENS E DESPESAS COM LOCOMOCAO,33903304,MUDANCAS EM OBJETO DE SERVICO,2024NE000842,2024,2024-07-14,160129000012024NE000842,39644514000115,MULTI PRIME MUDANCAS E TRANSPORTES ESPECIAIS LTDA,GO,ANO,134,MG,1000000000,PREGAO,ESTIMATIVO,1,PRIMARIO OBRIGATORIO,A,INICIAL (LOA),0000,000000000000,SEM EMENDA,ESCOLA DE SARGENTOS DAS ARMAS,COMANDO DO EXERCITO,52121,21850.0,0.0,21850.0,0.0
573,160129,ESA,4º CGCFEx,4ª RM,CML,Três Corações,MG,6112,212O,MOVIMENTACAO DE MILITARES,160505,DGP,232007,D6DAATSLOCO,D6DA,ATS,LOCO,ATS - ATIVIDADES SETORIAIS,339033,PASSAGENS E DESPESAS COM LOCOMOCAO,33903304,MUDANCAS EM OBJETO DE SERVICO,2024NE000843,2024,2024-07-15,160129000012024NE000843,39644514000115,MULTI PRIME MUDANCAS E TRANSPORTES ESPECIAIS LTDA,GO,ANO,133,MG,1000000000,PREGAO,ESTIMATIVO,1,PRIMARIO OBRIGATORIO,A,INICIAL (LOA),0000,000000000000,SEM EMENDA,ESCOLA DE SARGENTOS DAS ARMAS,COMANDO DO EXERCITO,52121,13091.0,0.0,13091.0,0.0
574,160129,ESA,4º CGCFEx,4ª RM,CML,Três Corações,MG,6112,212O,MOVIMENTACAO DE MILITARES,160505,DGP,232007,D6DAATSLOCO,D6DA,ATS,LOCO,ATS - ATIVIDADES SETORIAIS,339033,PASSAGENS E DESPESAS COM LOCOMOCAO,33903304,MUDANCAS EM OBJETO DE SERVICO,2024NE000844,2024,2024-07-15,160129000012024NE000844,39644514000115,MULTI PRIME MUDANCAS E TRANSPORTES ESPECIAIS LTDA,GO,ANO,133,MG,1000000000,PREGAO,ESTIMATIVO,1,PRIMARIO OBRIGATORIO,A,INICIAL (LOA),0000,000000000000,SEM EMENDA,ESCOLA DE SARGENTOS DAS ARMAS,COMANDO DO EXERCITO,52121,13091.0,0.0,13091.0,0.0
575,160129,ESA,4º CGCFEx,4ª RM,CML,Três Corações,MG,6112,212O,MOVIMENTACAO DE MILITARES,160505,DGP,232007,D6DAATSLOCO,D6DA,ATS,LOCO,ATS - ATIVIDADES SETORIAIS,339033,PASSAGENS E DESPESAS COM LOCOMOCAO,33903304,MUDANCAS EM OBJETO DE SERVICO,2024NE000911,2024,2024-08-02,160129000012024NE000911,39644514000115,MULTI PRIME MUDANCAS E TRANSPORTES ESPECIAIS LTDA,GO,ANO,115,MG,1000000000,PREGAO,ESTIMATIVO,1,PRIMARIO OBRIGATORIO,A,INICIAL (LOA),0000,000000000000,SEM EMENDA,ESCOLA DE SARGENTOS DAS ARMAS,COMANDO DO EXERCITO,52121,50049.0,0.0,50049.0,0.0
576,160129,ESA,4º CGCFEx,4ª RM,CML,Três Corações,MG,6112,212O,MOVIMENTACAO DE MILITARES,160505,DGP,232007,D6DAATSLOCO,D6DA,ATS,LOCO,ATS - ATIVIDADES SETORIAIS,339033,PASSAGENS E DESPESAS COM LOCOMOCAO,33903304,MUDANCAS EM OBJETO DE SERVICO,2024NE000946,2024,2024-08-15,160129000012024NE000946,39644514000115,MULTI PRIME MUDANCAS E TRANSPORTES ESPECIAIS LTDA,GO,ANO,102,MG,1000000000,PREGAO,ESTIMATIVO,1,PRIMARIO OBRIGATORIO,A,INICIAL (LOA),0000,000000000000,SEM EMENDA,ESCOLA DE SARGENTOS DAS ARMAS,COMANDO DO EXERCITO,52121,29900.0,0.0,29900.0,0.0
577,160129,ESA,4º CGCFEx,4ª RM,CML,Três Corações,MG,6112,212O,MOVIMENTACAO DE MILITARES,160505,DGP,232007,D6DAATSLOCO,D6DA,ATS,LOCO,ATS - ATIVIDADES SETORIAIS,339033,PASSAGENS E DESPESAS COM LOCOMOCAO,33903304,MUDANCAS EM OBJETO DE SERVICO,2024NE000947,2024,2024-08-15,160129000012024NE000947,39644514000115,MULTI PRIME MUDANCAS E TRANSPORTES ESPECIAIS LTDA,GO,ANO,102,MG,1000000000,PREGAO,ESTIMATIVO,1,PRIMARIO OBRIGATORIO,A,INICIAL (LOA),0000,000000000000,SEM EMENDA,ESCOLA DE SARGENTOS DAS ARMAS,COMANDO DO EXERCITO,52121,29900.0,0.0,29900.0,0.0
578,160129,ESA,4º CGCFEx,4ª RM,CML,Três Corações,MG,6112,212O,MOVIMENTACAO DE MILITARES,160505,DGP,232007,D6DAATSLOCO,D6DA,ATS,LOCO,ATS - ATIVIDADES SETORIAIS,339033,PASSAGENS E DESPESAS COM LOCOMOCAO,33903304,MUDANCAS EM OBJETO DE SERVICO,2024NE000950,2024,2024-08-15,160129000012024NE000950,39644514000115,MULTI PRIME MUDANCAS E TRANSPORTES ESPECIAIS LTDA,GO,ANO,102,MG,1000000000,PREGAO,ESTIMATIVO,1,PRIMARIO OBRIGATORIO,A,INICIAL (LOA),0000,000000000000,SEM EMENDA,ESCOLA DE SARGENTOS DAS ARMAS,COMANDO DO EXERCITO,52121,29900.0,0.0,29900.0,0.0
579,160129,ESA,4º CGCFEx,4ª RM,CML,Três Corações,MG,6112,212O,MOVIMENTACAO DE MILITARES,160505,DGP,232007,D6DAATSLOCO,D6DA,ATS,LOCO,ATS - ATIVIDADES SETORIAIS,339033,PASSAGENS E DESPESAS COM LOCOMOCAO,33903304,MUDANCAS EM OBJETO DE SERVICO,2024NE000984,2024,2024-08-26,160129000012024NE000984,39644514000115,MULTI PRIME MUDANCAS E TRANSPORTES ESPECIAIS LTDA,GO,ANO,91,MG,1000000000,PREGAO,ESTIMATIVO,1,PRIMARIO OBRIGATORIO,A,INICIAL (LOA),0000,000000000000,SEM EMENDA,ESCOLA DE SARGENTOS DAS ARMAS,COMANDO DO EXERCITO,52121,44820.0,0.0,44820.0,0.0
580,160129,ESA,4º CGCFEx,4ª RM,CML,Três Corações,MG,6112,212O,MOVIMENTACAO DE MILITARES,160505,DGP,232007,D6DAATSLOCO,D6DA,ATS,LOCO,ATS - ATIVIDADES SETORIAIS,339033,PASSAGENS E DESPESAS COM LOCOMOCAO,33903304,MUDANCAS EM OBJETO DE SERVICO,2024NE000985,2024,2024-08-26,160129000012024NE000985,39644514000115,MULTI PRIME MUDANCAS E TRANSPORTES ESPECIAIS LTDA,GO,ANO,91,MG,1000000000,PREGAO,ESTIMATIVO,1,PRIMARIO OBRIGATORIO,A,INICIAL (LOA),0000,000000000000,SEM EMENDA,ESCOLA DE SARGENTOS DAS ARMAS,COMANDO DO EXERCITO,52121,41355.0,0.0,41355.0,0.0
581,160129,ESA,4º CGCFEx,4ª RM,CML,Três Corações,MG,6112,212O,MOVIMENTACAO DE MILITARES,160505,DGP,232007,D6DAATSLOCO,D6DA,ATS,LOCO,ATS - ATIVIDADES SETORIAIS,339033,PASSAGENS E DESPESAS COM LOCOMOCAO,33903304,MUDANCAS EM OBJETO DE SERVICO,2024NE001035,2024,2024-09-11,160129000012024NE001035,39644514000115,MULTI PRIME MUDANCAS E TRANSPORTES ESPECIAIS LTDA,GO,ANO,75,MG,1000000000,PREGAO,ESTIMATIVO,1,PRIMARIO OBRIGATORIO,A,INICIAL (LOA),0000,000000000000,SEM EMENDA,ESCOLA DE SARGENTOS DAS ARMAS,COMANDO DO EXERCITO,52121,437.0,0.0,437.0,0.0
582,160129,ESA,4º CGCFEx,4ª RM,CML,Três Corações,MG,6112,212O,MOVIMENTACAO DE MILITARES,160505,DGP,232007,D6DAATSLOCO,D6DA,ATS,LOCO,ATS - ATIVIDADES SETORIAIS,339033,PASSAGENS E DESPESAS COM LOCOMOCAO,33903304,MUDANCAS EM OBJETO DE SERVICO,2024NE001036,2024,2024-09-12,160129000012024NE001036,39644514000115,MULTI PRIME MUDANCAS E TRANSPORTES ESPECIAIS LTDA,GO,ANO,74,MG,1000000000,PREGAO,ESTIMATIVO,1,PRIMARIO OBRIGATORIO,A,INICIAL (LOA),0000,000000000000,SEM EMENDA,ESCOLA DE SARGENTOS DAS ARMAS,COMANDO DO EXERCITO,52121,919.0,0.0,919.0,0.0
583,160129,ESA,4º CGCFEx,4ª RM,CML,Três Corações,MG,6112,212O,MOVIMENTACAO DE MILITARES,160505,DGP,232007,D6DAATSLOCO,D6DA,ATS,LOCO,ATS - ATIVIDADES SETORIAIS,339033,PASSAGENS E DESPESAS COM LOCOMOCAO,33903304,MUDANCAS EM OBJETO DE SERVICO,2024NE001037,2024,2024-09-12,160129000012024NE001037,39644514000115,MULTI PRIME MUDANCAS E TRANSPORTES ESPECIAIS LTDA,GO,ANO,74,MG,1000000000,PREGAO,ESTIMATIVO,1,PRIMARIO OBRIGATORIO,A,INICIAL (LOA),0000,000000000000,SEM EMENDA,ESCOLA DE SARGENTOS DAS ARMAS,COMANDO DO EXERCITO,52121,747.0,0.0,747.0,0.0
584,160129,ESA,4º CGCFEx,4ª RM,CML,Três Corações,MG,6112,212O,MOVIMENTACAO DE MILITARES,160505,DGP,232007,D6DAATSLOCO,D6DA,ATS,LOCO,ATS - ATIVIDADES SETORIAIS,339033,PASSAGENS E DESPESAS COM LOCOMOCAO,33903304,MUDANCAS EM OBJETO DE SERVICO,2024NE001105,2024,2024-09-24,160129000012024NE001105,39644514000115,MULTI PRIME MUDANCAS E TRANSPORTES ESPECIAIS LTDA,GO,ANO,62,MG,1000000000,PREGAO,ESTIMATIVO,1,PRIMARIO OBRIGATORIO,A,INICIAL (LOA),0000,000000000000,SEM EMENDA,ESCOLA DE SARGENTOS DAS ARMAS,COMANDO DO EXERCITO,52121,598.0,0.0,598.0,0.0
585,160129,ESA,4º CGCFEx,4ª RM,CML,Três Corações,MG,6112,212O,MOVIMENTACAO DE MILITARES,160505,DGP,232007,D6DAATSLOCO,D6DA,ATS,LOCO,ATS - ATIVIDADES SETORIAIS,339033,PASSAGENS E DESPESAS COM LOCOMOCAO,33903304,MUDANCAS EM OBJETO DE SERVICO,2024NE001120,2024,2024-09-27,160129000012024NE001120,39644514000115,MULTI PRIME MUDANCAS E TRANSPORTES ESPECIAIS LTDA,GO,ANO,59,MG,1000000000,PREGAO,ESTIMATIVO,1,PRIMARIO OBRIGATORIO,A,INICIAL (LOA),0000,000000000000,SEM EMENDA,ESCOLA DE SARGENTOS DAS ARMAS,COMANDO DO EXERCITO,52121,397.0,0.0,397.0,0.0
586,160129,ESA,4º CGCFEx,4ª RM,CML,Três Corações,MG,6112,212O,MOVIMENTACAO DE MILITARES,160505,DGP,232007,D6DAATSLOCO,D6DA,ATS,LOCO,ATS - ATIVIDADES SETORIAIS,339033,PASSAGENS E DESPESAS COM LOCOMOCAO,33903304,MUDANCAS EM OBJETO DE SERVICO,2024NE001121,2024,2024-09-27,160129000012024NE001121,39644514000115,MULTI PRIME MUDANCAS E TRANSPORTES ESPECIAIS LTDA,GO,ANO,59,MG,1000000000,PREGAO,ESTIMATIVO,1,PRIMARIO OBRIGATORIO,A,INICIAL (LOA),0000,000000000000,SEM EMENDA,ESCOLA DE SARGENTOS DAS ARMAS,COMANDO DO EXERCITO,52121,598.0,0.0,598.0,0.0
587,160129,ESA,4º CGCFEx,4ª RM,CML,Três Corações,MG,6112,212O,MOVIMENTACAO DE MILITARES,160505,DGP,232007,D6DAATSLOCO,D6DA,ATS,LOCO,ATS - ATIVIDADES SETORIAIS,339033,PASSAGENS E DESPESAS COM LOCOMOCAO,33903304,MUDANCAS EM OBJETO DE SERVICO,2024NE001122,2024,2024-09-27,160129000012024NE001122,39644514000115,MULTI PRIME MUDANCAS E TRANSPORTES ESPECIAIS LTDA,GO,ANO,59,MG,1000000000,PREGAO,ESTIMATIVO,1,PRIMARIO OBRIGATORIO,A,INICIAL (LOA),0000,000000000000,SEM EMENDA,ESCOLA DE SARGENTOS DAS ARMAS,COMANDO DO EXERCITO,52121,747.0,0.0,747.0,0.0
588,160129,ESA,4º CGCFEx,4ª RM,CML,Três Corações,MG,6112,212O,MOVIMENTACAO DE MILITARES,160505,DGP,232007,D6DAATSLOCO,D6DA,ATS,LOCO,ATS - ATIVIDADES SETORIAIS,339033,PASSAGENS E DESPESAS COM LOCOMOCAO,33903304,MUDANCAS EM OBJETO DE SERVICO,2024NE001142,2024,2024-10-01,160129000012024NE001142,39644514000115,MULTI PRIME MUDANCAS E TRANSPORTES ESPECIAIS LTDA,GO,ANO,55,MG,1000000000,PREGAO,ESTIMATIVO,1,PRIMARIO OBRIGATORIO,A,INICIAL (LOA),0000,000000000000,SEM EMENDA,ESCOLA DE SARGENTOS DAS ARMAS,COMANDO DO EXERCITO,52121,598.0,0.0,598.0,0.0
589,160129,ESA,4º CGCFEx,4ª RM,CML,Três Corações,MG,6112,212O,MOVIMENTACAO DE MILITARES,160505,DGP,232007,D6DAATSLOCO,D6DA,ATS,LOCO,ATS - ATIVIDADES SETORIAIS,339033,PASSAGENS E DESPESAS COM LOCOMOCAO,33903304,MUDANCAS EM OBJETO DE SERVICO,2024NE001158,2024,2024-10-03,160129000012024NE001158,39644514000115,MULTI PRIME MUDANCAS E TRANSPORTES ESPECIAIS LTDA,GO,ANO,53,MG,1000000000,PREGAO,ESTIMATIVO,1,PRIMARIO OBRIGATORIO,A,INICIAL (LOA),0000,000000000000,SEM EMENDA,ESCOLA DE SARGENTOS DAS ARMAS,COMANDO DO EXERCITO,52121,747.0,0.0,747.0,0.0
590,160129,ESA,4º CGCFEx,4ª RM,CML,Três Corações,MG,6112,212O,MOVIMENTACAO DE MILITARES,160505,DGP,232007,D6DAATSLOCO,D6DA,ATS,LOCO,ATS - ATIVIDADES SETORIAIS,339033,PASSAGENS E DESPESAS COM LOCOMOCAO,33903304,MUDANCAS EM OBJETO DE SERVICO,2024NE001166,2024,2024-10-04,160129000012024NE001166,39644514000115,MULTI PRIME MUDANCAS E TRANSPORTES ESPECIAIS LTDA,GO,ANO,52,MG,1000000000,PREGAO,ESTIMATIVO,1,PRIMARIO OBRIGATORIO,A,INICIAL (LOA),0000,000000000000,SEM EMENDA,ESCOLA DE SARGENTOS DAS ARMAS,COMANDO DO EXERCITO,52121,598.0,0.0,598.0,0.0
591,160129,ESA,4º CGCFEx,4ª RM,CML,Três Corações,MG,6112,212O,MOVIMENTACAO DE MILITARES,160505,DGP,232007,D6DAATSLOCO,D6DA,ATS,LOCO,ATS - ATIVIDADES SETORIAIS,339033,PASSAGENS E DESPESAS COM LOCOMOCAO,33903304,MUDANCAS EM OBJETO DE SERVICO,2024NE001175,2024,2024-10-07,160129000012024NE001175,39644514000115,MULTI PRIME MUDANCAS E TRANSPORTES ESPECIAIS LTDA,GO,ANO,49,MG,1000000000,PREGAO,ESTIMATIVO,1,PRIMARIO OBRIGATORIO,A,INICIAL (LOA),0000,000000000000,SEM EMENDA,ESCOLA DE SARGENTOS DAS ARMAS,COMANDO DO EXERCITO,52121,747.0,0.0,747.0,0.0
592,160129,ESA,4º CGCFEx,4ª RM,CML,Três Corações,MG,6112,212O,MOVIMENTACAO DE MILITARES,160505,DGP,232007,D6DAATSLOCO,D6DA,ATS,LOCO,ATS - ATIVIDADES SETORIAIS,339033,PASSAGENS E DESPESAS COM LOCOMOCAO,33903304,MUDANCAS EM OBJETO DE SERVICO,2024NE001176,2024,2024-10-07,160129000012024NE001176,39644514000115,MULTI PRIME MUDANCAS E TRANSPORTES ESPECIAIS LTDA,GO,ANO,49,MG,1000000000,PREGAO,ESTIMATIVO,1,PRIMARIO OBRIGATORIO,A,INICIAL (LOA),0000,000000000000,SEM EMENDA,ESCOLA DE SARGENTOS DAS ARMAS,COMANDO DO EXERCITO,52121,919.0,0.0,919.0,0.0
593,160129,ESA,4º CGCFEx,4ª RM,CML,Três Corações,MG,6112,212O,MOVIMENTACAO DE MILITARES,160505,DGP,232007,D6DAATSLOCO,D6DA,ATS,LOCO,ATS - ATIVIDADES SETORIAIS,339033,PASSAGENS E DESPESAS COM LOCOMOCAO,33903304,MUDANCAS EM OBJETO DE SERVICO,2024NE001195,2024,2024-10-09,160129000012024NE001195,39644514000115,MULTI PRIME MUDANCAS E TRANSPORTES ESPECIAIS LTDA,GO,ANO,47,MG,1000000000,PREGAO,ESTIMATIVO,1,PRIMARIO OBRIGATORIO,A,INICIAL (LOA),0000,000000000000,SEM EMENDA,ESCOLA DE SARGENTOS DAS ARMAS,COMANDO DO EXERCITO,52121,397.0,0.0,397.0,0.0
594,160129,ESA,4º CGCFEx,4ª RM,CML,Três Corações,MG,6112,212O,MOVIMENTACAO DE MILITARES,160505,DGP,232007,D6DAATSLOCO,D6DA,ATS,LOCO,ATS - ATIVIDADES SETORIAIS,339033,PASSAGENS E DESPESAS COM LOCOMOCAO,33903304,MUDANCAS EM OBJETO DE SERVICO,2024NE001226,2024,2024-10-14,160129000012024NE001226,39644514000115,MULTI PRIME MUDANCAS E TRANSPORTES ESPECIAIS LTDA,GO,ANO,42,MG,1000000000,PREGAO,ESTIMATIVO,1,PRIMARIO OBRIGATORIO,A,INICIAL (LOA),0000,000000000000,SEM EMENDA,ESCOLA DE SARGENTOS DAS ARMAS,COMANDO DO EXERCITO,52121,747.0,0.0,747.0,0.0
595,160129,ESA,4º CGCFEx,4ª RM,CML,Três Corações,MG,6112,212O,MOVIMENTACAO DE MILITARES,160505,DGP,232007,D6DAATSLOCO,D6DA,ATS,LOCO,ATS - ATIVIDADES SETORIAIS,339033,PASSAGENS E DESPESAS COM LOCOMOCAO,33903304,MUDANCAS EM OBJETO DE SERVICO,2024NE001227,2024,2024-10-14,160129000012024NE001227,39644514000115,MULTI PRIME MUDANCAS E TRANSPORTES ESPECIAIS LTDA,GO,ANO,42,MG,1000000000,PREGAO,ESTIMATIVO,1,PRIMARIO OBRIGATORIO,A,INICIAL (LOA),0000,000000000000,SEM EMENDA,ESCOLA DE SARGENTOS DAS ARMAS,COMANDO DO EXERCITO,52121,437.0,0.0,437.0,0.0
596,160129,ESA,4º CGCFEx,4ª RM,CML,Três Corações,MG,6112,212O,MOVIMENTACAO DE MILITARES,160505,DGP,232007,D6DAATSLOCO,D6DA,ATS,LOCO,ATS - ATIVIDADES SETORIAIS,339033,PASSAGENS E DESPESAS COM LOCOMOCAO,33903304,MUDANCAS EM OBJETO DE SERVICO,2024NE001232,2024,2024-10-18,160129000012024NE001232,39644514000115,MULTI PRIME MUDANCAS E TRANSPORTES ESPECIAIS LTDA,GO,ANO,38,MG,1000000000,PREGAO,ESTIMATIVO,1,PRIMARIO OBRIGATORIO,A,INICIAL (LOA),0000,000000000000,SEM EMENDA,ESCOLA DE SARGENTOS DAS ARMAS,COMANDO DO EXERCITO,52121,919.0,0.0,919.0,0.0
597,160129,ESA,4º CGCFEx,4ª RM,CML,Três Corações,MG,6112,212O,MOVIMENTACAO DE MILITARES,160505,DGP,232007,D6DAATSLOCO,D6DA,ATS,LOCO,ATS - ATIVIDADES SETORIAIS,339033,PASSAGENS E DESPESAS COM LOCOMOCAO,33903304,MUDANCAS EM OBJETO DE SERVICO,2024NE001252,2024,2024-10-22,160129000012024NE001252,39644514000115,MULTI PRIME MUDANCAS E TRANSPORTES ESPECIAIS LTDA,GO,ANO,34,MG,1000000000,PREGAO,ESTIMATIVO,1,PRIMARIO OBRIGATORIO,A,INICIAL (LOA),0000,000000000000,SEM EMENDA,ESCOLA DE SARGENTOS DAS ARMAS,COMANDO DO EXERCITO,52121,919.0,0.0,919.0,0.0
598,160129,ESA,4º CGCFEx,4ª RM,CML,Três Corações,MG,6112,212O,MOVIMENTACAO DE MILITARES,160505,DGP,232007,D6DAATSLOCO,D6DA,ATS,LOCO,ATS - ATIVIDADES SETORIAIS,339033,PASSAGENS E DESPESAS COM LOCOMOCAO,33903304,MUDANCAS EM OBJETO DE SERVICO,2024NE001555,2024,2024-11-05,160129000012024NE001555,39644514000115,MULTI PRIME MUDANCAS E TRANSPORTES ESPECIAIS LTDA,GO,ANO,20,MG,1000000000,PREGAO,ESTIMATIVO,1,PRIMARIO OBRIGATORIO,A,INICIAL (LOA),0000,000000000000,SEM EMENDA,ESCOLA DE SARGENTOS DAS ARMAS,COMANDO DO EXERCITO,52121,397.0,0.0,397.0,0.0
599,160129,ESA,4º CGCFEx,4ª RM,CML,Três Corações,MG,6112,212O,MOVIMENTACAO DE MILITARES,160505,DGP,232007,D6DAATSLOCO,D6DA,ATS,LOCO,ATS - ATIVIDADES SETORIAIS,339033,PASSAGENS E DESPESAS COM LOCOMOCAO,33903304,MUDANCAS EM OBJETO DE SERVICO,2024NE001558,2024,2024-11-05,160129000012024NE001558,39644514000115,MULTI PRIME MUDANCAS E TRANSPORTES ESPECIAIS LTDA,GO,ANO,20,MG,1000000000,PREGAO,ESTIMATIVO,1,PRIMARIO OBRIGATORIO,A,INICIAL (LOA),0000,000000000000,SEM EMENDA,ESCOLA DE SARGENTOS DAS ARMAS,COMANDO DO EXERCITO,52121,598.0,0.0,598.0,0.0
600,160129,ESA,4º CGCFEx,4ª RM,CML,Três Corações,MG,6112,212O,MOVIMENTACAO DE MILITARES,160505,DGP,232007,D6DAATSLOCO,D6DA,ATS,LOCO,ATS - ATIVIDADES SETORIAIS,339033,PASSAGENS E DESPESAS COM LOCOMOCAO,33903304,MUDANCAS EM OBJETO DE SERVICO,2024NE001559,2024,2024-11-05,160129000012024NE001559,39644514000115,MULTI PRIME MUDANCAS E TRANSPORTES ESPECIAIS LTDA,GO,ANO,20,MG,1000000000,PREGAO,ESTIMATIVO,1,PRIMARIO OBRIGATORIO,A,INICIAL (LOA),0000,000000000000,SEM EMENDA,ESCOLA DE SARGENTOS DAS ARMAS,COMANDO DO EXERCITO,52121,598.0,0.0,598.0,0.0
601,160129,ESA,4º CGCFEx,4ª RM,CML,Três Corações,MG,6112,212O,MOVIMENTACAO DE MILITARES,160505,DGP,232007,D6DAATSLOCO,D6DA,ATS,LOCO,ATS - ATIVIDADES SETORIAIS,339033,PASSAGENS E DESPESAS COM LOCOMOCAO,33903304,MUDANCAS EM OBJETO DE SERVICO,2024NE001571,2024,2024-11-07,160129000012024NE001571,39644514000115,MULTI PRIME MUDANCAS E TRANSPORTES ESPECIAIS LTDA,GO,ANO,18,MG,1000000000,PREGAO,ESTIMATIVO,1,PRIMARIO OBRIGATORIO,A,INICIAL (LOA),0000,000000000000,SEM EMENDA,ESCOLA DE SARGENTOS DAS ARMAS,COMANDO DO EXERCITO,52121,397.0,0.0,397.0,0.0
602,160129,ESA,4º CGCFEx,4ª RM,CML,Três Corações,MG,6112,212O,MOVIMENTACAO DE MILITARES,160505,DGP,232007,D6DAATSLOCO,D6DA,ATS,LOCO,ATS - ATIVIDADES SETORIAIS,339033,PASSAGENS E DESPESAS COM LOCOMOCAO,33903304,MUDANCAS EM OBJETO DE SERVICO,2024NE001943,2024,2024-11-12,160129000012024NE001943,39644514000115,MULTI PRIME MUDANCAS E TRANSPORTES ESPECIAIS LTDA,GO,ANO,13,MG,1000000000,PREGAO,ESTIMATIVO,1,PRIMARIO OBRIGATORIO,A,INICIAL (LOA),0000,000000000000,SEM EMENDA,ESCOLA DE SARGENTOS DAS ARMAS,COMANDO DO EXERCITO,52121,598.0,0.0,598.0,0.0
603,160129,ESA,4º CGCFEx,4ª RM,CML,Três Corações,MG,6112,212O,MOVIMENTACAO DE MILITARES,160505,DGP,232007,D6DAATSLOCO,D6DA,ATS,LOCO,ATS - ATIVIDADES SETORIAIS,339033,PASSAGENS E DESPESAS COM LOCOMOCAO,33903304,MUDANCAS EM OBJETO DE SERVICO,2024NE001944,2024,2024-11-12,160129000012024NE001944,39644514000115,MULTI PRIME MUDANCAS E TRANSPORTES ESPECIAIS LTDA,GO,ANO,13,MG,1000000000,PREGAO,ESTIMATIVO,1,PRIMARIO OBRIGATORIO,A,INICIAL (LOA),0000,000000000000,SEM EMENDA,ESCOLA DE SARGENTOS DAS ARMAS,COMANDO DO EXERCITO,52121,598.0,0.0,598.0,0.0
604,160129,ESA,4º CGCFEx,4ª RM,CML,Três Corações,MG,6112,212O,MOVIMENTACAO DE MILITARES,160505,DGP,232007,D6DAATSLOCO,D6DA,ATS,LOCO,ATS - ATIVIDADES SETORIAIS,339033,PASSAGENS E DESPESAS COM LOCOMOCAO,33903304,MUDANCAS EM OBJETO DE SERVICO,2024NE002090,2024,2024-11-18,160129000012024NE002090,39644514000115,MULTI PRIME MUDANCAS E TRANSPORTES ESPECIAIS LTDA,GO,ANO,7,MG,1000000000,PREGAO,ESTIMATIVO,1,PRIMARIO OBRIGATORIO,A,INICIAL (LOA),0000,000000000000,SEM EMENDA,ESCOLA DE SARGENTOS DAS ARMAS,COMANDO DO EXERCITO,52121,747.0,0.0,747.0,0.0
2071,160129,ESA,4º CGCFEx,4ª RM,CML,Três Corações,MG,6112,212O,MOVIMENTACAO DE MILITARES,160505,DGP,232007,DGPREQTRNP3,DGPR,EQT,RNP3,MIS EXT REQS TRNP BAG INTER,339033,PASSAGENS E DESPESAS COM LOCOMOCAO,33903301,PASSAGENS PARA O PAIS,2024NE000172,2024,2024-02-28,160129000012024NE000172,21331404000138,ORLEANS VIAGENS E TURISMO LTDA,SP,ANO,271,MG,1000000000,PREGAO,GLOBAL,1,PRIMARIO OBRIGATORIO,A,INICIAL (LOA),0000,000000000000,SEM EMENDA,ESA,COMANDO DO EXERCITO,52121,0.0,0.0,0.0,420.35
2072,160129,ESA,4º CGCFEx,4ª RM,CML,Três Corações,MG,6112,212O,MOVIMENTACAO DE MILITARES,160505,DGP,232007,DGPREQTRNP3,DGPR,EQT,RNP3,MIS EXT REQS TRNP BAG INTER,339033,PASSAGENS E DESPESAS COM LOCOMOCAO,33903301,PASSAGENS PARA O PAIS,2024NE001256,2024,2024-10-23,160129000012024NE001256,21331404000138,ORLEANS VIAGENS E TURISMO LTDA,SP,ANO,33,MG,1000000000,PREGAO,GLOBAL,1,PRIMARIO OBRIGATORIO,A,INICIAL (LOA),0000,000000000000,SEM EMENDA,ESA,COMANDO DO EXERCITO,52121,773.14,0.0,773.14,0.0
2073,160129,ESA,4º CGCFEx,4ª RM,CML,Três Corações,MG,6112,212O,MOVIMENTACAO DE MILITARES,160505,DGP,232007,DGPREQTRNP3,DGPR,EQT,RNP3,MIS EXT REQS TRNP BAG INTER,339033,PASSAGENS E DESPESAS COM LOCOMOCAO,33903302,PASSAGENS PARA O EXTERIOR,2024NE000007,2024,2024-01-22,160129000012024NE000007,14807420000199,FACTO TURISMO  LTDA,SP,ANO,308,MG,1000000000,PREGAO,GLOBAL,1,PRIMARIO OBRIGATORIO,A,INICIAL (LOA),0000,000000000000,SEM EMENDA,ESA,COMANDO DO EXERCITO,52121,0.0,0.0,0.0,13727.74
2074,160129,ESA,4º CGCFEx,4ª RM,CML,Três Corações,MG,6112,212O,MOVIMENTACAO DE MILITARES,160505,DGP,232007,DGPREQTRNP3,DGPR,EQT,RNP3,MIS EXT REQS TRNP BAG INTER,339033,PASSAGENS E DESPESAS COM LOCOMOCAO,33903302,PASSAGENS PARA O EXTERIOR,2024NE000008,2024,2024-01-22,160129000012024NE000008,14807420000199,FACTO TURISMO  LTDA,SP,ANO,308,MG,1000000000,PREGAO,GLOBAL,1,PRIMARIO OBRIGATORIO,A,INICIAL (LOA),0000,000000000000,SEM EMENDA,ESA,COMANDO DO EXERCITO,52121,0.0,0.0,0.0,13704.17
2075,160129,ESA,4º CGCFEx,4ª RM,CML,Três Corações,MG,6112,212O,MOVIMENTACAO DE MILITARES,160505,DGP,232007,DGPREQTRNP3,DGPR,EQT,RNP3,MIS EXT REQS TRNP BAG INTER,339033,PASSAGENS E DESPESAS COM LOCOMOCAO,33903302,PASSAGENS PARA O EXTERIOR,2024NE000044,2024,2024-02-02,160129000012024NE000044,14807420000199,FACTO TURISMO  LTDA,SP,ANO,297,MG,1000000000,PREGAO,GLOBAL,1,PRIMARIO OBRIGATORIO,A,INICIAL (LOA),0000,000000000000,SEM EMENDA,ESA,COMANDO DO EXERCITO,52121,0.0,0.0,0.0,10439.0
2076,160129,ESA,4º CGCFEx,4ª RM,CML,Três Corações,MG,6112,212O,MOVIMENTACAO DE MILITARES,160505,DGP,232007,DGPREQTRNP3,DGPR,EQT,RNP3,MIS EXT REQS TRNP BAG INTER,339033,PASSAGENS E DESPESAS COM LOCOMOCAO,33903302,PASSAGENS PARA O EXTERIOR,2024NE000313,2024,2024-03-21,160129000012024NE000313,14807420000199,FACTO TURISMO  LTDA,SP,ANO,249,MG,1000000000,PREGAO,GLOBAL,1,PRIMARIO OBRIGATORIO,A,INICIAL (LOA),0000,000000000000,SEM EMENDA,ESA,COMANDO DO EXERCITO,52121,0.0,0.0,0.0,3535.34
2077,160129,ESA,4º CGCFEx,4ª RM,CML,Três Corações,MG,6112,212O,MOVIMENTACAO DE MILITARES,160505,DGP,232007,DGPREQTRNP3,DGPR,EQT,RNP3,MIS EXT REQS TRNP BAG INTER,339033,PASSAGENS E DESPESAS COM LOCOMOCAO,33903302,PASSAGENS PARA O EXTERIOR,2024NE000940,2024,2024-08-14,160129000012024NE000940,14807420000199,FACTO TURISMO  LTDA,SP,ANO,103,MG,1000000000,PREGAO,GLOBAL,1,PRIMARIO OBRIGATORIO,A,INICIAL (LOA),0000,000000000000,SEM EMENDA,ESA,COMANDO DO EXERCITO,52121,0.0,0.0,0.0,6363.72
2078,160129,ESA,4º CGCFEx,4ª RM,CML,Três Corações,MG,6112,212O,MOVIMENTACAO DE MILITARES,160505,DGP,232007,DGPREQTRNP3,DGPR,EQT,RNP3,MIS EXT REQS TRNP BAG INTER,339033,PASSAGENS E DESPESAS COM LOCOMOCAO,33903302,PASSAGENS PARA O EXTERIOR,2024NE001159,2024,2024-10-03,160129000012024NE001159,14807420000199,FACTO TURISMO  LTDA,SP,ANO,53,MG,1000000000,PREGAO,GLOBAL,1,PRIMARIO OBRIGATORIO,A,INICIAL (LOA),0000,000000000000,SEM EMENDA,ESA,COMANDO DO EXERCITO,52121,0.0,0.0,0.0,22224.84
2079,160129,ESA,4º CGCFEx,4ª RM,CML,Três Corações,MG,6112,212O,MOVIMENTACAO DE MILITARES,160505,DGP,232007,DGPREQTRNP3,DGPR,EQT,RNP3,MIS EXT REQS TRNP BAG INTER,339033,PASSAGENS E DESPESAS COM LOCOMOCAO,33903302,PASSAGENS PARA O EXTERIOR,2024NE001251,2024,2024-10-22,160129000012024NE001251,14807420000199,FACTO TURISMO  LTDA,SP,ANO,34,MG,1000000000,PREGAO,GLOBAL,1,PRIMARIO OBRIGATORIO,A,INICIAL (LOA),0000,000000000000,SEM EMENDA,ESA,COMANDO DO EXERCITO,52121,129.54,3.92,133.46,10620.02
2080,160129,ESA,4º CGCFEx,4ª RM,CML,Três Corações,MG,6112,212O,MOVIMENTACAO DE MILITARES,160505,DGP,232007,DGPREQTRNP3,DGPR,EQT,RNP3,MIS EXT REQS TRNP BAG INTER,339033,PASSAGENS E DESPESAS COM LOCOMOCAO,33903302,PASSAGENS PARA O EXTERIOR,2024NE001255,2024,2024-10-23,160129000012024NE001255,14807420000199,FACTO TURISMO  LTDA,SP,ANO,33,MG,1000000000,PREGAO,GLOBAL,1,PRIMARIO OBRIGATORIO,A,INICIAL (LOA),0000,000000000000,SEM EMENDA,ESA,COMANDO DO EXERCITO,52121,1353.15,3.92,1357.07,9642.93
2101,160129,ESA,4º CGCFEx,4ª RM,CML,Três Corações,MG,6112,21A0,APRESTAMENTO DAS FORCAS,160129,ESA,232069,B6SUMEEASS4,B6SU,MEE,ASS4,MNT SUP EQP ENG CNST,339033,PASSAGENS E DESPESAS COM LOCOMOCAO,33903301,PASSAGENS PARA O PAIS,2024NE000941,2024,2024-08-14,160129000012024NE000941,21331404000138,ORLEANS VIAGENS E TURISMO LTDA,SP,ANO,103,MG,1000000000,PREGAO,GLOBAL,2,PRIMARIO DISCRICIONARIO,A,INICIAL (LOA),000Q,000000000000,SEM EMENDA,ESA,COMANDO DO EXERCITO,52121,0.0,0.0,0.0,486.64
2103,160129,ESA,4º CGCFEx,4ª RM,CML,Três Corações,MG,6112,21A0,APRESTAMENTO DAS FORCAS,160129,ESA,232079,B2SUMEA0000,B2SU,MEA,0000,SUP MAT E EQUIPAMENTOS ADMINISTRATIVOS,339033,PASSAGENS E DESPESAS COM LOCOMOCAO,33903301,PASSAGENS PARA O PAIS,2024NE001137,2024,2024-09-30,160129000012024NE001137,14807420000199,FACTO TURISMO  LTDA,SP,ANO,56,MG,1000000000,PREGAO,GLOBAL,2,PRIMARIO DISCRICIONARIO,A,INICIAL (LOA),000W,000000000000,SEM EMENDA,ESA,COMANDO DO EXERCITO,52121,0.0,0.0,0.0,2886.88
2104,160129,ESA,4º CGCFEx,4ª RM,CML,Três Corações,MG,6112,21A0,APRESTAMENTO DAS FORCAS,160129,ESA,232079,B2SUMEA0000,B2SU,MEA,0000,SUP MAT E EQUIPAMENTOS ADMINISTRATIVOS,339033,PASSAGENS E DESPESAS COM LOCOMOCAO,33903301,PASSAGENS PARA O PAIS,2024NE001138,2024,2024-09-30,160129000012024NE001138,21331404000138,ORLEANS VIAGENS E TURISMO LTDA,SP,ANO,56,MG,1000000000,PREGAO,GLOBAL,2,PRIMARIO DISCRICIONARIO,A,INICIAL (LOA),000W,000000000000,SEM EMENDA,ESA,COMANDO DO EXERCITO,52121,0.0,23.97,23.97,316.09
2105,160129,ESA,4º CGCFEx,4ª RM,CML,Três Corações,MG,6112,21A0,APRESTAMENTO DAS FORCAS,160129,ESA,232079,B2SUMEA0000,B2SU,MEA,0000,SUP MAT E EQUIPAMENTOS ADMINISTRATIVOS,339033,PASSAGENS E DESPESAS COM LOCOMOCAO,33903303,LOCACAO DE MEIOS DE TRANSPORTE,2024NE000521,2024,2024-05-27,160129000012024NE000521,92221589000176,IRMAOS KOPERECK LTDA,RS,ANO,182,MG,1000000000,PREGAO,GLOBAL,2,PRIMARIO DISCRICIONARIO,A,INICIAL (LOA),000W,000000000000,SEM EMENDA,"ESCOLA DE SARGENTOS DAS ARMAS - AV. SETE DE SETEMBRO, 628 - CENTRO, TRÊS CORAÇÕES - MG, 37410-155",COMANDO DO EXERCITO,52121,0.0,0.0,0.0,60060.0
2173,160129,ESA,4º CGCFEx,4ª RM,CML,Três Corações,MG,6112,21A0,APRESTAMENTO DAS FORCAS,160504,COEX/GESTOR,232144,E5MBSUNPASS,E5MB,SUN,PASS,SUPRIMENTO E MANUTENCAO - MB - PASSAGENS,339033,PASSAGENS E DESPESAS COM LOCOMOCAO,33903301,PASSAGENS PARA O PAIS,2024NE000390,2024,2024-04-17,160129000012024NE000390,21331404000138,ORLEANS VIAGENS E TURISMO LTDA,SP,ANO,222,MG,1000000000,PREGAO,GLOBAL,2,PRIMARIO DISCRICIONARIO,A,INICIAL (LOA),0005,000000000000,SEM EMENDA,ESA,COMANDO DO EXERCITO,52121,0.0,0.0,0.0,362.64
2174,160129,ESA,4º CGCFEx,4ª RM,CML,Três Corações,MG,6112,21A0,APRESTAMENTO DAS FORCAS,160504,COEX/GESTOR,232144,E5MBSUNPASS,E5MB,SUN,PASS,SUPRIMENTO E MANUTENCAO - MB - PASSAGENS,339033,PASSAGENS E DESPESAS COM LOCOMOCAO,33903301,PASSAGENS PARA O PAIS,2024NE000454,2024,2024-05-02,160129000012024NE000454,14807420000199,FACTO TURISMO  LTDA,SP,ANO,207,MG,1000000000,PREGAO,GLOBAL,2,PRIMARIO DISCRICIONARIO,A,INICIAL (LOA),0005,000000000000,SEM EMENDA,ESA,COMANDO DO EXERCITO,52121,0.0,0.0,0.0,661.31
2201,160129,ESA,4º CGCFEx,4ª RM,CML,Três Corações,MG,6112,21A0,APRESTAMENTO DAS FORCAS,160539,COTER - GESTOR,232021,A1APPRECORE,A1AP,PRE,CORE,EXE COMBINADO DE ROTACAO (CORE),339033,PASSAGENS E DESPESAS COM LOCOMOCAO,33903301,PASSAGENS PARA O PAIS,2024NE000629,2024,2024-06-14,160129000012024NE000629,14807420000199,FACTO TURISMO  LTDA,SP,ANO,164,MG,1000000000,PREGAO,GLOBAL,2,PRIMARIO DISCRICIONARIO,A,INICIAL (LOA),000B,000000000000,SEM EMENDA,ESA,COMANDO DO EXERCITO,52121,0.0,0.0,0.0,1967.76
2211,160129,ESA,4º CGCFEx,4ª RM,CML,Três Corações,MG,6112,21A0,APRESTAMENTO DAS FORCAS,160539,COTER - GESTOR,232021,FAOPPRECAPE,FAOP,PRE,CAPE,CAPACITACAO DE PESSOAL,339033,PASSAGENS E DESPESAS COM LOCOMOCAO,33903301,PASSAGENS PARA O PAIS,2024NE000013,2024,2024-01-26,160129000012024NE000013,21331404000138,ORLEANS VIAGENS E TURISMO LTDA,SP,ANO,304,MG,1000000000,PREGAO,GLOBAL,2,PRIMARIO DISCRICIONARIO,A,INICIAL (LOA),000B,000000000000,SEM EMENDA,ESA,COMANDO DO EXERCITO,52121,0.0,0.0,0.0,465.36
2212,160129,ESA,4º CGCFEx,4ª RM,CML,Três Corações,MG,6112,21A0,APRESTAMENTO DAS FORCAS,160539,COTER - GESTOR,232021,FAOPPRECAPE,FAOP,PRE,CAPE,CAPACITACAO DE PESSOAL,339033,PASSAGENS E DESPESAS COM LOCOMOCAO,33903301,PASSAGENS PARA O PAIS,2024NE000635,2024,2024-06-17,160129000012024NE000635,21331404000138,ORLEANS VIAGENS E TURISMO LTDA,SP,ANO,161,MG,1000000000,PREGAO,GLOBAL,2,PRIMARIO DISCRICIONARIO,A,INICIAL (LOA),000B,000000000000,SEM EMENDA,ESA,COMANDO DO EXERCITO,52121,0.0,0.0,0.0,388.12
2213,160129,ESA,4º CGCFEx,4ª RM,CML,Três Corações,MG,6112,21A0,APRESTAMENTO DAS FORCAS,160539,COTER - GESTOR,232021,FAOPPRECAPE,FAOP,PRE,CAPE,CAPACITACAO DE PESSOAL,339033,PASSAGENS E DESPESAS COM LOCOMOCAO,33903301,PASSAGENS PARA O PAIS,2024NE000636,2024,2024-06-17,160129000012024NE000636,21331404000138,ORLEANS VIAGENS E TURISMO LTDA,SP,ANO,161,MG,1000000000,PREGAO,GLOBAL,2,PRIMARIO DISCRICIONARIO,A,INICIAL (LOA),000B,000000000000,SEM EMENDA,ESA,COMANDO DO EXERCITO,52121,0.0,0.0,0.0,388.12
2249,160129,ESA,4º CGCFEx,4ª RM,CML,Três Corações,MG,6112,8965,CAPACITACAO PROFISSIONAL MILITAR DO E,160503,DECEX/GESTOR,232082,C1ENMILCAPE,C1EN,MIL,CAPE,CAPACITACAO DE PESSOAL,339033,PASSAGENS E DESPESAS COM LOCOMOCAO,33903302,PASSAGENS PARA O EXTERIOR,2024NE001181,2024,2024-10-08,160129000012024NE001181,14807420000199,FACTO TURISMO  LTDA,SP,ANO,48,MG,3000000000,PREGAO,GLOBAL,2,PRIMARIO DISCRICIONARIO,A,INICIAL (LOA),0000,000000000000,SEM EMENDA,ESCOLA DE SARGENTOS DAS ARMAS,COMANDO DO EXERCITO,52121,0.0,624.89,624.89,18288.43
2321,160129,ESA,4º CGCFEx,4ª RM,CML,Três Corações,MG,6112,8965,CAPACITACAO PROFISSIONAL MILITAR DO E,160503,DECEX/GESTOR,232082,C4ENMILCAPE,C4EN,MIL,CAPE,CAPACITACAO DE PESSOAL,339033,PASSAGENS E DESPESAS COM LOCOMOCAO,33903301,PASSAGENS PARA O PAIS,2024NE000011,2024,2024-01-23,160129000012024NE000011,14807420000199,FACTO TURISMO  LTDA,SP,ANO,307,MG,1000000000,PREGAO,GLOBAL,2,PRIMARIO DISCRICIONARIO,A,INICIAL (LOA),0000,000000000000,SEM EMENDA,ESA,COMANDO DO EXERCITO,52121,13219.68,0.0,13219.68,5380.32
2322,160129,ESA,4º CGCFEx,4ª RM,CML,Três Corações,MG,6112,8965,CAPACITACAO PROFISSIONAL MILITAR DO E,160503,DECEX/GESTOR,232082,C4ENMILCAPE,C4EN,MIL,CAPE,CAPACITACAO DE PESSOAL,339033,PASSAGENS E DESPESAS COM LOCOMOCAO,33903301,PASSAGENS PARA O PAIS,2024NE000123,2024,2024-02-26,160129000012024NE000123,14807420000199,FACTO TURISMO  LTDA,SP,ANO,273,MG,1000000000,PREGAO,GLOBAL,2,PRIMARIO DISCRICIONARIO,A,INICIAL (LOA),0000,000000000000,SEM EMENDA,ESA,COMANDO DO EXERCITO,52121,1791.4,0.0,1791.4,13208.6
2323,160129,ESA,4º CGCFEx,4ª RM,CML,Três Corações,MG,6112,8965,CAPACITACAO PROFISSIONAL MILITAR DO E,160503,DECEX/GESTOR,232082,C4ENMILCAPE,C4EN,MIL,CAPE,CAPACITACAO DE PESSOAL,339033,PASSAGENS E DESPESAS COM LOCOMOCAO,33903301,PASSAGENS PARA O PAIS,2024NE000124,2024,2024-02-26,160129000012024NE000124,21331404000138,ORLEANS VIAGENS E TURISMO LTDA,SP,ANO,273,MG,1000000000,PREGAO,GLOBAL,2,PRIMARIO DISCRICIONARIO,A,INICIAL (LOA),0000,000000000000,SEM EMENDA,ESA,COMANDO DO EXERCITO,52121,3024.08,0.0,3024.08,1975.92
2324,160129,ESA,4º CGCFEx,4ª RM,CML,Três Corações,MG,6112,8965,CAPACITACAO PROFISSIONAL MILITAR DO E,160503,DECEX/GESTOR,232082,C4ENMILCAPE,C4EN,MIL,CAPE,CAPACITACAO DE PESSOAL,339033,PASSAGENS E DESPESAS COM LOCOMOCAO,33903301,PASSAGENS PARA O PAIS,2024NE000344,2024,2024-04-04,160129000012024NE000344,14807420000199,FACTO TURISMO  LTDA,SP,ANO,235,MG,1000000000,PREGAO,GLOBAL,2,PRIMARIO DISCRICIONARIO,A,INICIAL (LOA),0000,000000000000,SEM EMENDA,ESA,COMANDO DO EXERCITO,52121,90.35,0.0,90.35,14895.65
2325,160129,ESA,4º CGCFEx,4ª RM,CML,Três Corações,MG,6112,8965,CAPACITACAO PROFISSIONAL MILITAR DO E,160503,DECEX/GESTOR,232082,C4ENMILCAPE,C4EN,MIL,CAPE,CAPACITACAO DE PESSOAL,339033,PASSAGENS E DESPESAS COM LOCOMOCAO,33903301,PASSAGENS PARA O PAIS,2024NE000345,2024,2024-04-04,160129000012024NE000345,21331404000138,ORLEANS VIAGENS E TURISMO LTDA,SP,ANO,235,MG,1000000000,PREGAO,GLOBAL,2,PRIMARIO DISCRICIONARIO,A,INICIAL (LOA),0000,000000000000,SEM EMENDA,ESA,COMANDO DO EXERCITO,52121,359.13,1064.33,1423.46,3576.54
2326,160129,ESA,4º CGCFEx,4ª RM,CML,Três Corações,MG,6112,8965,CAPACITACAO PROFISSIONAL MILITAR DO E,160503,DECEX/GESTOR,232082,C4ENMILCAPE,C4EN,MIL,CAPE,CAPACITACAO DE PESSOAL,339033,PASSAGENS E DESPESAS COM LOCOMOCAO,33903301,PASSAGENS PARA O PAIS,2024NE000431,2024,2024-04-26,160129000012024NE000431,21331404000138,ORLEANS VIAGENS E TURISMO LTDA,SP,ANO,213,MG,1000000000,PREGAO,GLOBAL,2,PRIMARIO DISCRICIONARIO,A,INICIAL (LOA),0000,000000000000,SEM EMENDA,ESA,COMANDO DO EXERCITO,52121,1092.7,0.0,1092.7,307.3
2327,160129,ESA,4º CGCFEx,4ª RM,CML,Três Corações,MG,6112,8965,CAPACITACAO PROFISSIONAL MILITAR DO E,160503,DECEX/GESTOR,232082,C4ENMILCAPE,C4EN,MIL,CAPE,CAPACITACAO DE PESSOAL,339033,PASSAGENS E DESPESAS COM LOCOMOCAO,33903301,PASSAGENS PARA O PAIS,2024NE000512,2024,2024-05-22,160129000012024NE000512,21331404000138,ORLEANS VIAGENS E TURISMO LTDA,SP,ANO,187,MG,1000000000,PREGAO,GLOBAL,2,PRIMARIO DISCRICIONARIO,A,INICIAL (LOA),0000,000000000000,SEM EMENDA,ESA,COMANDO DO EXERCITO,52121,0.0,0.0,0.0,7642.01
2328,160129,ESA,4º CGCFEx,4ª RM,CML,Três Corações,MG,6112,8965,CAPACITACAO PROFISSIONAL MILITAR DO E,160503,DECEX/GESTOR,232082,C4ENMILCAPE,C4EN,MIL,CAPE,CAPACITACAO DE PESSOAL,339033,PASSAGENS E DESPESAS COM LOCOMOCAO,33903307,DESPESAS COM EXCESSO DE BAGAGEM,2024NE001049,2024,2024-09-19,160129000012024NE001049,05824788000174,EMPRESA DE TRANSPORTES KOPERECK LTDA,RS,ANO,67,MG,3000000000,PREGAO,GLOBAL,2,PRIMARIO DISCRICIONARIO,A,INICIAL (LOA),0000,000000000000,SEM EMENDA,"ESCOLA DE SARGENTOS DAS ARMAS - AV. SETE DE SETEMBRO, 628 - CENTRO, TRÊS CORAÇÕES - MG, 37410-155",COMANDO DO EXERCITO,52121,55995.3,0.0,55995.3,0.0
2329,160129,ESA,4º CGCFEx,4ª RM,CML,Três Corações,MG,6112,8965,CAPACITACAO PROFISSIONAL MILITAR DO E,160503,DECEX/GESTOR,232082,C4ENMILCAPE,C4EN,MIL,CAPE,CAPACITACAO DE PESSOAL,339033,PASSAGENS E DESPESAS COM LOCOMOCAO,33903309,TRANSPORTE DE SERVIDORES,2024NE000395,2024,2024-04-18,160129000012024NE000395,92221589000176,IRMAOS KOPERECK LTDA,RS,ANO,221,MG,1000000000,PREGAO,GLOBAL,2,PRIMARIO DISCRICIONARIO,A,INICIAL (LOA),0000,000000000000,SEM EMENDA,"ESCOLA DE SARGENTOS DAS ARMAS - AV. SETE DE SETEMBRO, 628 - CENTRO, TRÊS CORAÇÕES - MG, 37410-155",COMANDO DO EXERCITO,52121,0.0,0.0,0.0,211311.75
2330,160129,ESA,4º CGCFEx,4ª RM,CML,Três Corações,MG,6112,8965,CAPACITACAO PROFISSIONAL MILITAR DO E,160503,DECEX/GESTOR,232082,C4ENMILCAPE,C4EN,MIL,CAPE,CAPACITACAO DE PESSOAL,339033,PASSAGENS E DESPESAS COM LOCOMOCAO,33903309,TRANSPORTE DE SERVIDORES,2024NE000810,2024,2024-07-03,160129000012024NE000810,05824788000174,EMPRESA DE TRANSPORTES KOPERECK LTDA,RS,ANO,145,MG,1000000000,PREGAO,GLOBAL,2,PRIMARIO DISCRICIONARIO,A,INICIAL (LOA),0000,000000000000,SEM EMENDA,"ESCOLA DE SARGENTOS DAS ARMAS - AV. SETE DE SETEMBRO, 628 - CENTRO, TRÊS CORAÇÕES - MG, 37410-155",COMANDO DO EXERCITO,52121,485091.9,565.97,485657.87,264344.65
2331,160129,ESA,4º CGCFEx,4ª RM,CML,Três Corações,MG,6112,8965,CAPACITACAO PROFISSIONAL MILITAR DO E,160503,DECEX/GESTOR,232082,C4ENMILCAPE,C4EN,MIL,CAPE,CAPACITACAO DE PESSOAL,339033,PASSAGENS E DESPESAS COM LOCOMOCAO,33903309,TRANSPORTE DE SERVIDORES,2024NE000859,2024,2024-07-22,160129000012024NE000859,04850455000157,BR500 - TRANSPORTES LTDA,RJ,ANO,126,MG,1000000000,PREGAO,GLOBAL,2,PRIMARIO DISCRICIONARIO,A,INICIAL (LOA),0000,000000000000,SEM EMENDA,"ESCOLA DE SARGENTOS DAS ARMAS - AV. SETE DE SETEMBRO, 628 - CENTRO, TRÊS CORAÇÕES - MG, 37410-155",COMANDO DO EXERCITO,52121,18500.0,0.0,18500.0,0.0
2332,160129,ESA,4º CGCFEx,4ª RM,CML,Três Corações,MG,6112,8965,CAPACITACAO PROFISSIONAL MILITAR DO E,160503,DECEX/GESTOR,232082,C4ENMILCAPE,C4EN,MIL,CAPE,CAPACITACAO DE PESSOAL,339033,PASSAGENS E DESPESAS COM LOCOMOCAO,33903309,TRANSPORTE DE SERVIDORES,2024NE001947,2024,2024-11-13,160129000012024NE001947,05824788000174,EMPRESA DE TRANSPORTES KOPERECK LTDA,RS,ANO,12,MG,1000000000,PREGAO,GLOBAL,2,PRIMARIO DISCRICIONARIO,A,INICIAL (LOA),0000,000000000000,SEM EMENDA,"ESCOLA DE SARGENTOS DAS ARMAS - AV. SETE DE SETEMBRO, 628 - CENTRO, TRÊS CORAÇÕES - MG, 37410-155",COMANDO DO EXERCITO,52121,419984.14,0.0,419984.14,0.0
2406,160129,ESA,4º CGCFEx,4ª RM,CML,Três Corações,MG,6112,8965,CAPACITACAO PROFISSIONAL MILITAR DO E,160503,DECEX/GESTOR,232082,C4ENMILOUTR,C4EN,MIL,OUTR,RESERVA  (DETMIL),339033,PASSAGENS E DESPESAS COM LOCOMOCAO,33903301,PASSAGENS PARA O PAIS,2024NE000377,2024,2024-04-15,160129000012024NE000377,21331404000138,ORLEANS VIAGENS E TURISMO LTDA,SP,ANO,224,MG,1000000000,PREGAO,GLOBAL,2,PRIMARIO DISCRICIONARIO,A,INICIAL (LOA),0000,000000000000,SEM EMENDA,ESA,COMANDO DO EXERCITO,52121,0.0,0.0,0.0,378.33
2407,160129,ESA,4º CGCFEx,4ª RM,CML,Três Corações,MG,6112,8965,CAPACITACAO PROFISSIONAL MILITAR DO E,160503,DECEX/GESTOR,232082,C8ENMILADOM,C8EN,MIL,ADOM,ADMINISTRACAO DA OM,339033,PASSAGENS E DESPESAS COM LOCOMOCAO,33903301,PASSAGENS PARA O PAIS,2024NE001039,2024,2024-09-13,160129000012024NE001039,21331404000138,ORLEANS VIAGENS E TURISMO LTDA,SP,ANO,73,MG,1000000000,PREGAO,GLOBAL,2,PRIMARIO DISCRICIONARIO,A,INICIAL (LOA),0000,000000000000,SEM EMENDA,ESA,COMANDO DO EXERCITO,52121,0.0,0.0,0.0,199.82
2500,167129,ESA,4º CGCFEx,4ª RM,CML,Três Corações,MG,0032,2000,ADMINISTRACAO DA UNIDADE,167503,DECEX - GESTOR,232186,C1ENCONDETM,C1EN,CON,DETM,CONCURSOS AS ESCOLAS MILITARES,339033,PASSAGENS E DESPESAS COM LOCOMOCAO,33903301,PASSAGENS PARA O PAIS,2024NE000253,2024,2024-02-07,167129000012024NE000253,21331404000138,ORLEANS VIAGENS E TURISMO LTDA,SP,ANO,292,MG,1050000415,PREGAO,GLOBAL,2,PRIMARIO DISCRICIONARIO,A,INICIAL (LOA),000D,000000000000,SEM EMENDA,ESA,FUNDO DO EXERCITO,52921,63.63,0.0,63.63,936.37
2501,167129,ESA,4º CGCFEx,4ª RM,CML,Três Corações,MG,0032,2000,ADMINISTRACAO DA UNIDADE,167503,DECEX - GESTOR,232186,C1ENCONDETM,C1EN,CON,DETM,CONCURSOS AS ESCOLAS MILITARES,339033,PASSAGENS E DESPESAS COM LOCOMOCAO,33903301,PASSAGENS PARA O PAIS,2024NE000750,2024,2024-04-18,167129000012024NE000750,21331404000138,ORLEANS VIAGENS E TURISMO LTDA,SP,ANO,221,MG,1050000415,PREGAO,GLOBAL,2,PRIMARIO DISCRICIONARIO,A,INICIAL (LOA),000D,000000000000,SEM EMENDA,ESA,FUNDO DO EXERCITO,52921,0.0,0.0,0.0,225.36
2502,167129,ESA,4º CGCFEx,4ª RM,CML,Três Corações,MG,0032,2000,ADMINISTRACAO DA UNIDADE,167503,DECEX - GESTOR,232186,C1ENCONDETM,C1EN,CON,DETM,CONCURSOS AS ESCOLAS MILITARES,339033,PASSAGENS E DESPESAS COM LOCOMOCAO,33903301,PASSAGENS PARA O PAIS,2024NE000751,2024,2024-04-18,167129000012024NE000751,14807420000199,FACTO TURISMO  LTDA,SP,ANO,221,MG,1050000415,PREGAO,GLOBAL,2,PRIMARIO DISCRICIONARIO,A,INICIAL (LOA),000D,000000000000,SEM EMENDA,ESA,FUNDO DO EXERCITO,52921,0.0,0.0,0.0,22944.66
2503,167129,ESA,4º CGCFEx,4ª RM,CML,Três Corações,MG,0032,2000,ADMINISTRACAO DA UNIDADE,167503,DECEX - GESTOR,232186,C1ENCONDETM,C1EN,CON,DETM,CONCURSOS AS ESCOLAS MILITARES,339033,PASSAGENS E DESPESAS COM LOCOMOCAO,33903301,PASSAGENS PARA O PAIS,2024NE001026,2024,2024-06-28,167129000012024NE001026,21331404000138,ORLEANS VIAGENS E TURISMO LTDA,SP,ANO,150,MG,1050000415,PREGAO,GLOBAL,2,PRIMARIO DISCRICIONARIO,A,INICIAL (LOA),000D,000000000000,SEM EMENDA,ESA,FUNDO DO EXERCITO,52921,6466.96,0.0,6466.96,15533.04
2504,167129,ESA,4º CGCFEx,4ª RM,CML,Três Corações,MG,0032,2000,ADMINISTRACAO DA UNIDADE,167503,DECEX - GESTOR,232186,C1ENCONDETM,C1EN,CON,DETM,CONCURSOS AS ESCOLAS MILITARES,339033,PASSAGENS E DESPESAS COM LOCOMOCAO,33903301,PASSAGENS PARA O PAIS,2024NE001338,2024,2024-08-27,167129000012024NE001338,14807420000199,FACTO TURISMO  LTDA,SP,ANO,90,MG,1050000415,PREGAO,GLOBAL,2,PRIMARIO DISCRICIONARIO,A,INICIAL (LOA),000D,000000000000,SEM EMENDA,ESA,FUNDO DO EXERCITO,52921,436.99,0.0,436.99,37082.99
2525,167129,ESA,4º CGCFEx,4ª RM,CML,Três Corações,MG,0032,2000,ADMINISTRACAO DA UNIDADE,167503,DECEX - GESTOR,232186,C1ENEASCMAD,C1EN,EAS,CMAD,COLEGIO MILITAR - ADMINISTRACAO,339033,PASSAGENS E DESPESAS COM LOCOMOCAO,33903301,PASSAGENS PARA O PAIS,2024NE000234,2024,2024-01-19,167129000012024NE000234,21331404000138,ORLEANS VIAGENS E TURISMO LTDA,SP,ANO,311,MG,1050000415,PREGAO,GLOBAL,2,PRIMARIO DISCRICIONARIO,A,INICIAL (LOA),000D,000000000000,SEM EMENDA,ESA,FUNDO DO EXERCITO,52921,0.0,0.0,0.0,1363.23
2526,167129,ESA,4º CGCFEx,4ª RM,CML,Três Corações,MG,0032,2000,ADMINISTRACAO DA UNIDADE,167503,DECEX - GESTOR,232186,C1ENEASCMAD,C1EN,EAS,CMAD,COLEGIO MILITAR - ADMINISTRACAO,339033,PASSAGENS E DESPESAS COM LOCOMOCAO,33903301,PASSAGENS PARA O PAIS,2024NE000741,2024,2024-04-10,167129000012024NE000741,21331404000138,ORLEANS VIAGENS E TURISMO LTDA,SP,ANO,229,MG,1050000415,PREGAO,GLOBAL,2,PRIMARIO DISCRICIONARIO,A,INICIAL (LOA),000D,000000000000,SEM EMENDA,ESA,FUNDO DO EXERCITO,52921,0.0,0.0,0.0,1739.6
2527,167129,ESA,4º CGCFEx,4ª RM,CML,Três Corações,MG,0032,2000,ADMINISTRACAO DA UNIDADE,167503,DECEX - GESTOR,232186,C1ENEASCMAD,C1EN,EAS,CMAD,COLEGIO MILITAR - ADMINISTRACAO,339033,PASSAGENS E DESPESAS COM LOCOMOCAO,33903301,PASSAGENS PARA O PAIS,2024NE000747,2024,2024-04-16,167129000012024NE000747,14807420000199,FACTO TURISMO  LTDA,SP,ANO,223,MG,1050000415,PREGAO,GLOBAL,2,PRIMARIO DISCRICIONARIO,A,INICIAL (LOA),000D,000000000000,SEM EMENDA,ESA,FUNDO DO EXERCITO,52921,0.0,0.0,0.0,6028.8
2529,167129,ESA,4º CGCFEx,4ª RM,CML,Três Corações,MG,0032,2000,ADMINISTRACAO DA UNIDADE,167505,DGP,232193,D7APFUNIDTM,D7AP,FUN,IDTM,IDENTIDADE MILITAR,339033,PASSAGENS E DESPESAS COM LOCOMOCAO,33903301,PASSAGENS PARA O PAIS,2024NE001024,2024,2024-06-21,167129000012024NE001024,21331404000138,ORLEANS VIAGENS E TURISMO LTDA,SP,ANO,157,MG,1050000142,PREGAO,GLOBAL,2,PRIMARIO DISCRICIONARIO,A,INICIAL (LOA),000G,000000000000,SEM EMENDA,ESA,FUNDO DO EXERCITO,52921,0.0,0.0,0.0,343.35
2585,167129,ESA,4º CGCFEx,4ª RM,CML,Três Corações,MG,0032,2004,ASSISTENCIA MEDICA E ODONTOLOGICA AOS,167505,DGP,215842,D8SAFCTDESL,D8SA,FCT,DESL,FATOR DE CUSTO - DIARIAS E PASSAGEM,339033,PASSAGENS E DESPESAS COM LOCOMOCAO,33903301,PASSAGENS PARA O PAIS,2024NE000402,2024,2024-02-28,167129000012024NE000402,14807420000199,FACTO TURISMO  LTDA,SP,ANO,271,MG,1050000142,PREGAO,GLOBAL,1,PRIMARIO OBRIGATORIO,A,INICIAL (LOA),0003,000000000000,SEM EMENDA,ESA,FUNDO DO EXERCITO,52921,0.0,0.0,0.0,832.0
2586,167129,ESA,4º CGCFEx,4ª RM,CML,Três Corações,MG,0032,2004,ASSISTENCIA MEDICA E ODONTOLOGICA AOS,167505,DGP,215842,D8SAFCTDESL,D8SA,FCT,DESL,FATOR DE CUSTO - DIARIAS E PASSAGEM,339033,PASSAGENS E DESPESAS COM LOCOMOCAO,33903301,PASSAGENS PARA O PAIS,2024NE000429,2024,2024-03-11,167129000012024NE000429,21331404000138,ORLEANS VIAGENS E TURISMO LTDA,SP,ANO,259,MG,1050000142,PREGAO,GLOBAL,1,PRIMARIO OBRIGATORIO,A,INICIAL (LOA),0003,000000000000,SEM EMENDA,ESA,FUNDO DO EXERCITO,52921,0.0,0.0,0.0,286.41
2587,167129,ESA,4º CGCFEx,4ª RM,CML,Três Corações,MG,0032,2004,ASSISTENCIA MEDICA E ODONTOLOGICA AOS,167505,DGP,215842,D8SAFCTDESL,D8SA,FCT,DESL,FATOR DE CUSTO - DIARIAS E PASSAGEM,339033,PASSAGENS E DESPESAS COM LOCOMOCAO,33903301,PASSAGENS PARA O PAIS,2024NE000742,2024,2024-04-11,167129000012024NE000742,14807420000199,FACTO TURISMO  LTDA,SP,ANO,228,MG,1050000142,PREGAO,GLOBAL,1,PRIMARIO OBRIGATORIO,A,INICIAL (LOA),0003,000000000000,SEM EMENDA,ESA,FUNDO DO EXERCITO,52921,0.0,0.0,0.0,1107.75
4290,167129,ESA,4º CGCFEx,4ª RM,CML,Três Corações,MG,0032,2004,ASSISTENCIA MEDICA E ODONTOLOGICA AOS,167505,DGP,215846,D5SASEXDESL,D5SA,SEX,DESL,DESLOCAMENTOS EM MISSÕES DA ASSISTÊNCIA SOCIA,339033,PASSAGENS E DESPESAS COM LOCOMOCAO,33903301,PASSAGENS PARA O PAIS,2024NE000733,2024,2024-04-08,167129000012024NE000733,14807420000199,FACTO TURISMO  LTDA,SP,ANO,231,MG,1005000142,PREGAO,GLOBAL,1,PRIMARIO OBRIGATORIO,A,INICIAL (LOA),0008,000000000000,SEM EMENDA,ESA,FUNDO DO EXERCITO,52921,0.0,0.0,0.0,2721.04
4291,167129,ESA,4º CGCFEx,4ª RM,CML,Três Corações,MG,0032,2004,ASSISTENCIA MEDICA E ODONTOLOGICA AOS,167505,DGP,215846,D5SASEXDESL,D5SA,SEX,DESL,DESLOCAMENTOS EM MISSÕES DA ASSISTÊNCIA SOCIA,339033,PASSAGENS E DESPESAS COM LOCOMOCAO,33903301,PASSAGENS PARA O PAIS,2024NE000734,2024,2024-04-08,167129000012024NE000734,21331404000138,ORLEANS VIAGENS E TURISMO LTDA,SP,ANO,231,MG,1005000142,PREGAO,GLOBAL,1,PRIMARIO OBRIGATORIO,A,INICIAL (LOA),0008,000000000000,SEM EMENDA,ESA,FUNDO DO EXERCITO,52921,0.0,0.0,0.0,877.8
4292,167129,ESA,4º CGCFEx,4ª RM,CML,Três Corações,MG,0032,2004,ASSISTENCIA MEDICA E ODONTOLOGICA AOS,167505,DGP,215846,D5SASEXDESL,D5SA,SEX,DESL,DESLOCAMENTOS EM MISSÕES DA ASSISTÊNCIA SOCIA,339033,PASSAGENS E DESPESAS COM LOCOMOCAO,33903301,PASSAGENS PARA O PAIS,2024NE001497,2024,2024-09-26,167129000012024NE001497,21331404000138,ORLEANS VIAGENS E TURISMO LTDA,SP,ANO,60,MG,1005000142,PREGAO,GLOBAL,1,PRIMARIO OBRIGATORIO,A,INICIAL (LOA),0008,000000000000,SEM EMENDA,ESA,FUNDO DO EXERCITO,52921,0.0,45.37,45.37,598.15
4293,167129,ESA,4º CGCFEx,4ª RM,CML,Três Corações,MG,0032,2004,ASSISTENCIA MEDICA E ODONTOLOGICA AOS,167505,DGP,215846,D5SASEXDESL,D5SA,SEX,DESL,DESLOCAMENTOS EM MISSÕES DA ASSISTÊNCIA SOCIA,339033,PASSAGENS E DESPESAS COM LOCOMOCAO,33903301,PASSAGENS PARA O PAIS,2024NE001498,2024,2024-09-26,167129000012024NE001498,14807420000199,FACTO TURISMO  LTDA,SP,ANO,60,MG,1005000142,PREGAO,GLOBAL,1,PRIMARIO OBRIGATORIO,A,INICIAL (LOA),0008,000000000000,SEM EMENDA,ESA,FUNDO DO EXERCITO,52921,0.0,56.4,56.4,1411.84
